SET IDENTITY_INSERT dbo.ImpactoClasificado ON;

INSERT INTO ImpactoClasificado (Id, TipoImpacto, GrupoImpacto, SubgrupoImpacto, ClaseImpacto, Descripcion, RelevanciaGeneral) VALUES (1, 'Consecuencia', 'Personas', 'Personas', 'Fallecidos', 'Fallecidos', 1);
INSERT INTO ImpactoClasificado (Id, TipoImpacto, GrupoImpacto, SubgrupoImpacto, ClaseImpacto, Descripcion, RelevanciaGeneral) VALUES (2, 'Consecuencia', 'Personas', 'Personas', 'Desaparecidos', 'Desaparecidos', 1);
INSERT INTO ImpactoClasificado (Id, TipoImpacto, GrupoImpacto, SubgrupoImpacto, ClaseImpacto, Descripcion, RelevanciaGeneral) VALUES (3, 'Consecuencia', 'Personas', 'Personas', 'Personas sin hogar', 'Personas sin hogar', 0);
INSERT INTO ImpactoClasificado (Id, TipoImpacto, GrupoImpacto, SubgrupoImpacto, ClaseImpacto, Descripcion, RelevanciaGeneral) VALUES (4, 'Consecuencia', 'Personas', 'Personas', 'Personas aisladas', 'Personas aisladas', 0);
INSERT INTO ImpactoClasificado (Id, TipoImpacto, GrupoImpacto, SubgrupoImpacto, ClaseImpacto, Descripcion, RelevanciaGeneral) VALUES (5, 'Consecuencia', 'Personas', 'Personas', 'Heridos', 'Heridos', 1);
INSERT INTO ImpactoClasificado (Id, TipoImpacto, GrupoImpacto, SubgrupoImpacto, ClaseImpacto, Descripcion, RelevanciaGeneral) VALUES (6, 'Consecuencia', 'Personas', 'Personas', 'Heridos', 'Quemados', 1);
INSERT INTO ImpactoClasificado (Id, TipoImpacto, GrupoImpacto, SubgrupoImpacto, ClaseImpacto, Descripcion, RelevanciaGeneral) VALUES (7, 'Consecuencia', 'Personas', 'Personas', 'Heridos', 'Intoxicados', 1);
INSERT INTO ImpactoClasificado (Id, TipoImpacto, GrupoImpacto, SubgrupoImpacto, ClaseImpacto, Descripcion, RelevanciaGeneral) VALUES (8, 'Consecuencia', 'Personas', 'Personas', 'Heridos', 'Contagiados', 1);
INSERT INTO ImpactoClasificado (Id, TipoImpacto, GrupoImpacto, SubgrupoImpacto, ClaseImpacto, Descripcion, RelevanciaGeneral) VALUES (9, 'Consecuencia', 'Personas', 'Personas', 'Heridos', 'Contaminados', 1);
INSERT INTO ImpactoClasificado (Id, TipoImpacto, GrupoImpacto, SubgrupoImpacto, ClaseImpacto, Descripcion, RelevanciaGeneral) VALUES (10, 'Consecuencia', 'Personas', 'Personas', 'Heridos', 'Irradiados', 1);
INSERT INTO ImpactoClasificado (Id, TipoImpacto, GrupoImpacto, SubgrupoImpacto, ClaseImpacto, Descripcion, RelevanciaGeneral) VALUES (11, 'Actuación', 'Personas', 'Personas', 'Rescate de personas', 'Rescate de personas', 0);
INSERT INTO ImpactoClasificado (Id, TipoImpacto, GrupoImpacto, SubgrupoImpacto, ClaseImpacto, Descripcion, RelevanciaGeneral) VALUES (12, 'Actuación', 'Personas', 'Personas', 'Evacuación', 'Evacuación', 1);
INSERT INTO ImpactoClasificado (Id, TipoImpacto, GrupoImpacto, SubgrupoImpacto, ClaseImpacto, Descripcion, RelevanciaGeneral) VALUES (13, 'Actuación', 'Personas', 'Personas', 'Albergue', 'Albergue', 0);
INSERT INTO ImpactoClasificado (Id, TipoImpacto, GrupoImpacto, SubgrupoImpacto, ClaseImpacto, Descripcion, RelevanciaGeneral) VALUES (14, 'Actuación', 'Personas', 'Personas', 'Confinamiento', 'Confinamiento', 0);
INSERT INTO ImpactoClasificado (Id, TipoImpacto, GrupoImpacto, SubgrupoImpacto, ClaseImpacto, Descripcion, RelevanciaGeneral) VALUES (15, 'Actuación', 'Personas', 'Personas', 'Realojo', 'Realojo', 0);
INSERT INTO ImpactoClasificado (Id, TipoImpacto, GrupoImpacto, SubgrupoImpacto, ClaseImpacto, Descripcion, RelevanciaGeneral) VALUES (16, 'Actuación', 'Personas', 'Personas', 'Asistencia psicosocial', 'Asistencia psicosocial', 0);
INSERT INTO ImpactoClasificado (Id, TipoImpacto, GrupoImpacto, SubgrupoImpacto, ClaseImpacto, Descripcion, RelevanciaGeneral) VALUES (17, 'Actuación', 'Personas', 'Personas', 'Búsqueda de personas', 'Búsqueda de personas', 0);
INSERT INTO ImpactoClasificado (Id, TipoImpacto, GrupoImpacto, SubgrupoImpacto, ClaseImpacto, Descripcion, RelevanciaGeneral) VALUES (18, 'Actuación', 'Personas', 'Personas', 'Identificación de cadáveres', 'Identificación de cadáveres', 0);
INSERT INTO ImpactoClasificado (Id, TipoImpacto, GrupoImpacto, SubgrupoImpacto, ClaseImpacto, Descripcion, RelevanciaGeneral) VALUES (19, 'Actuación', 'Personas', 'Personas', 'Asistencia sanitaria', 'Asistencia sanitaria', 0);
INSERT INTO ImpactoClasificado (Id, TipoImpacto, GrupoImpacto, SubgrupoImpacto, ClaseImpacto, Descripcion, RelevanciaGeneral) VALUES (20, 'Actuación', 'Personas', 'Personas', 'Asistencia sanitaria', 'Hospitalización', 0);
INSERT INTO ImpactoClasificado (Id, TipoImpacto, GrupoImpacto, SubgrupoImpacto, ClaseImpacto, Descripcion, RelevanciaGeneral) VALUES (21, 'Actuación', 'Personas', 'Personas', 'Asistencia sanitaria', 'Traslado de pacientes a otros hospitales', 0);
INSERT INTO ImpactoClasificado (Id, TipoImpacto, GrupoImpacto, SubgrupoImpacto, ClaseImpacto, Descripcion, RelevanciaGeneral) VALUES (22, 'Actuación', 'Personas', 'Personas', 'Profilaxis radiológica', 'Profilaxis radiológica', 0);
INSERT INTO ImpactoClasificado (Id, TipoImpacto, GrupoImpacto, SubgrupoImpacto, ClaseImpacto, Descripcion, RelevanciaGeneral) VALUES (23, 'Actuación', 'Personas', 'Personas', 'Medidas de protección personal', 'Medidas de protección personal', 0);
INSERT INTO ImpactoClasificado (Id, TipoImpacto, GrupoImpacto, SubgrupoImpacto, ClaseImpacto, Descripcion, RelevanciaGeneral) VALUES (24, 'Actuación', 'Personas', 'Personas', 'Activación de ECD/ABRS', 'Activación de ECD', 0);
INSERT INTO ImpactoClasificado (Id, TipoImpacto, GrupoImpacto, SubgrupoImpacto, ClaseImpacto, Descripcion, RelevanciaGeneral) VALUES (25, 'Actuación', 'Personas', 'Personas', 'Activación de ECD/ABRS', 'Activación de ABRS', 0);
INSERT INTO ImpactoClasificado (Id, TipoImpacto, GrupoImpacto, SubgrupoImpacto, ClaseImpacto, Descripcion, RelevanciaGeneral) VALUES (26, 'Consecuencia', 'Servicios básicos', 'Anomalias en los servicios básicos', 'Anomalias en el suministro de agua', 'Anomalias en el suministro de agua', 0);
INSERT INTO ImpactoClasificado (Id, TipoImpacto, GrupoImpacto, SubgrupoImpacto, ClaseImpacto, Descripcion, RelevanciaGeneral) VALUES (27, 'Consecuencia', 'Servicios básicos', 'Anomalias en los servicios básicos', 'Anomalias en el suministro de electricidad', 'Anomalias en el suministro de electricidad', 0);
INSERT INTO ImpactoClasificado (Id, TipoImpacto, GrupoImpacto, SubgrupoImpacto, ClaseImpacto, Descripcion, RelevanciaGeneral) VALUES (28, 'Consecuencia', 'Servicios básicos', 'Anomalias en los servicios básicos', 'Anomalias en el suministro de gas', 'Anomalias en el suministro de gas', 0);
INSERT INTO ImpactoClasificado (Id, TipoImpacto, GrupoImpacto, SubgrupoImpacto, ClaseImpacto, Descripcion, RelevanciaGeneral) VALUES (29, 'Consecuencia', 'Servicios básicos', 'Anomalias en los servicios básicos', 'Anomalias en la red de alcantarillado', 'Anomalias en la red de alcantarillado', 0);
INSERT INTO ImpactoClasificado (Id, TipoImpacto, GrupoImpacto, SubgrupoImpacto, ClaseImpacto, Descripcion, RelevanciaGeneral) VALUES (30, 'Consecuencia', 'Servicios básicos', 'Anomalias en los servicios básicos', 'Anomalias en la red de saneamiento', 'Anomalias en la red de saneamiento', 0);
INSERT INTO ImpactoClasificado (Id, TipoImpacto, GrupoImpacto, SubgrupoImpacto, ClaseImpacto, Descripcion, RelevanciaGeneral) VALUES (31, 'Actuación', 'Servicios básicos', 'Anomalias en los servicios básicos', 'Interrupción de servicios educativos', 'Interrupción de servicios educativos', 0);
INSERT INTO ImpactoClasificado (Id, TipoImpacto, GrupoImpacto, SubgrupoImpacto, ClaseImpacto, Descripcion, RelevanciaGeneral) VALUES (32, 'Consecuencia', 'Servicios básicos', 'Anomalias en los servicios básicos', 'Interrupción de servicios sanitarios', 'Interrupción de servicios sanitarios', 0);
INSERT INTO ImpactoClasificado (Id, TipoImpacto, GrupoImpacto, SubgrupoImpacto, ClaseImpacto, Descripcion, RelevanciaGeneral) VALUES (33, 'Consecuencia', 'Servicios básicos', 'Anomalias en los servicios básicos', 'Anomalias en comunicaciones telefónicas y telemáticas', 'Anomalias en la telefonía fija', 0);
INSERT INTO ImpactoClasificado (Id, TipoImpacto, GrupoImpacto, SubgrupoImpacto, ClaseImpacto, Descripcion, RelevanciaGeneral) VALUES (34, 'Consecuencia', 'Servicios básicos', 'Anomalias en los servicios básicos', 'Anomalias en comunicaciones telefónicas y telemáticas', 'Anomalias en la telefonía móvil', 0);
INSERT INTO ImpactoClasificado (Id, TipoImpacto, GrupoImpacto, SubgrupoImpacto, ClaseImpacto, Descripcion, RelevanciaGeneral) VALUES (35, 'Consecuencia', 'Servicios básicos', 'Anomalias en los servicios básicos', 'Anomalias en comunicaciones telefónicas y telemáticas', 'Cortes de conexión a internet', 0);
INSERT INTO ImpactoClasificado (Id, TipoImpacto, GrupoImpacto, SubgrupoImpacto, ClaseImpacto, Descripcion, RelevanciaGeneral) VALUES (36, 'Consecuencia', 'Servicios básicos', 'Anomalias en los servicios básicos', 'Anomalias en el tráfico ferroviario', 'Anomalias en el tráfico ferroviario de la red convencional', 0);
INSERT INTO ImpactoClasificado (Id, TipoImpacto, GrupoImpacto, SubgrupoImpacto, ClaseImpacto, Descripcion, RelevanciaGeneral) VALUES (37, 'Consecuencia', 'Servicios básicos', 'Anomalias en los servicios básicos', 'Anomalias en el tráfico ferroviario', 'Anomalias en el tráfico ferroviario de alta velocidad', 0);
INSERT INTO ImpactoClasificado (Id, TipoImpacto, GrupoImpacto, SubgrupoImpacto, ClaseImpacto, Descripcion, RelevanciaGeneral) VALUES (38, 'Consecuencia', 'Servicios básicos', 'Anomalias en los servicios básicos', 'Anomalias en tráfico aéreo', 'Anomalias en tráfico aéreo', 0);
INSERT INTO ImpactoClasificado (Id, TipoImpacto, GrupoImpacto, SubgrupoImpacto, ClaseImpacto, Descripcion, RelevanciaGeneral) VALUES (39, 'Consecuencia', 'Servicios básicos', 'Anomalias en los servicios básicos', 'Interrupción de tráfico marítimo', 'Interrupción de tráfico marítimo', 0);
INSERT INTO ImpactoClasificado (Id, TipoImpacto, GrupoImpacto, SubgrupoImpacto, ClaseImpacto, Descripcion, RelevanciaGeneral) VALUES (40, 'Actuación', 'Servicios básicos', 'Anomalias en los servicios básicos', 'Anomalias en tráfico aéreo', 'Seguridad en la navegación aérea', 0);
INSERT INTO ImpactoClasificado (Id, TipoImpacto, GrupoImpacto, SubgrupoImpacto, ClaseImpacto, Descripcion, RelevanciaGeneral) VALUES (41, 'Actuación', 'Servicios básicos', 'Anomalias en los servicios básicos', 'Restablecimiento de servicios básicos', 'Restablecimiento de servicios básicos', 0);
INSERT INTO ImpactoClasificado (Id, TipoImpacto, GrupoImpacto, SubgrupoImpacto, ClaseImpacto, Descripcion, RelevanciaGeneral) VALUES (42, 'Consecuencia', 'Servicios básicos', 'Vialidad en carreteras', 'Corte de carreteras', 'Circulación nivel negro en vías de alta capacidad', 0);
INSERT INTO ImpactoClasificado (Id, TipoImpacto, GrupoImpacto, SubgrupoImpacto, ClaseImpacto, Descripcion, RelevanciaGeneral) VALUES (43, 'Consecuencia', 'Servicios básicos', 'Vialidad en carreteras', 'Corte de carreteras', 'Circulación nivel negro en carreteras ------', 0);
INSERT INTO ImpactoClasificado (Id, TipoImpacto, GrupoImpacto, SubgrupoImpacto, ClaseImpacto, Descripcion, RelevanciaGeneral) VALUES (44, 'Consecuencia', 'Servicios básicos', 'Vialidad en carreteras', 'Incidencia en carreteras', 'Circulación nivel rojo', 0);
INSERT INTO ImpactoClasificado (Id, TipoImpacto, GrupoImpacto, SubgrupoImpacto, ClaseImpacto, Descripcion, RelevanciaGeneral) VALUES (45, 'Consecuencia', 'Servicios básicos', 'Vialidad en carreteras', 'Incidencia en carreteras', 'Circulación nivel amarillo', 0);
INSERT INTO ImpactoClasificado (Id, TipoImpacto, GrupoImpacto, SubgrupoImpacto, ClaseImpacto, Descripcion, RelevanciaGeneral) VALUES (46, 'Consecuencia', 'Daños', 'Daños en edificaciones', 'Daños en edificaciones en zonas urbanas', 'Daños en viviendas unifamiliares', 0);
INSERT INTO ImpactoClasificado (Id, TipoImpacto, GrupoImpacto, SubgrupoImpacto, ClaseImpacto, Descripcion, RelevanciaGeneral) VALUES (47, 'Consecuencia', 'Daños', 'Daños en edificaciones', 'Daños en edificaciones en zonas urbanas', 'Daños en edificios de viviendas', 0);
INSERT INTO ImpactoClasificado (Id, TipoImpacto, GrupoImpacto, SubgrupoImpacto, ClaseImpacto, Descripcion, RelevanciaGeneral) VALUES (48, 'Consecuencia', 'Daños', 'Daños en edificaciones', 'Daños en bienes agropecuarios', 'Daños en viviendas en medio rural o forestal', 0);
INSERT INTO ImpactoClasificado (Id, TipoImpacto, GrupoImpacto, SubgrupoImpacto, ClaseImpacto, Descripcion, RelevanciaGeneral) VALUES (49, 'Consecuencia', 'Daños', 'Daños en edificaciones', 'Daños en bienes agropecuarios', 'Daños en instalaciones agropecuarias', 0);
INSERT INTO ImpactoClasificado (Id, TipoImpacto, GrupoImpacto, SubgrupoImpacto, ClaseImpacto, Descripcion, RelevanciaGeneral) VALUES (50, 'Consecuencia', 'Daños', 'Daños en edificaciones', 'Daños en edificaciones en zonas urbanas', 'Daños en garajes', 0);
INSERT INTO ImpactoClasificado (Id, TipoImpacto, GrupoImpacto, SubgrupoImpacto, ClaseImpacto, Descripcion, RelevanciaGeneral) VALUES (51, 'Consecuencia', 'Daños', 'Daños en edificaciones', 'Daños en edificaciones en zonas urbanas', 'Daños en oficinas, comercios y almacenes', 0);
INSERT INTO ImpactoClasificado (Id, TipoImpacto, GrupoImpacto, SubgrupoImpacto, ClaseImpacto, Descripcion, RelevanciaGeneral) VALUES (52, 'Actuación', 'Daños', 'Daños en edificaciones', 'Inspección de edificios', 'Inspección de edificios', 0);
INSERT INTO ImpactoClasificado (Id, TipoImpacto, GrupoImpacto, SubgrupoImpacto, ClaseImpacto, Descripcion, RelevanciaGeneral) VALUES (53, 'Consecuencia', 'Daños', 'Daños en redes de distribución', 'Daños en la red de suministro de agua', 'Daños en la red de suministro de agua', 0);
INSERT INTO ImpactoClasificado (Id, TipoImpacto, GrupoImpacto, SubgrupoImpacto, ClaseImpacto, Descripcion, RelevanciaGeneral) VALUES (54, 'Consecuencia', 'Daños', 'Daños en redes de distribución', 'Daños en la red de distribución eléctrica', 'Daños en la red de distribución energía eléctrica', 0);
INSERT INTO ImpactoClasificado (Id, TipoImpacto, GrupoImpacto, SubgrupoImpacto, ClaseImpacto, Descripcion, RelevanciaGeneral) VALUES (55, 'Consecuencia', 'Daños', 'Daños en redes de distribución', 'Daños en la red de distribución de gas', 'Daños en la red de distribución de gas', 0);
INSERT INTO ImpactoClasificado (Id, TipoImpacto, GrupoImpacto, SubgrupoImpacto, ClaseImpacto, Descripcion, RelevanciaGeneral) VALUES (56, 'Consecuencia', 'Daños', 'Daños en redes de distribución', 'Daños en la red de saneamiento', 'Daños en la red de saneamiento', 0);
INSERT INTO ImpactoClasificado (Id, TipoImpacto, GrupoImpacto, SubgrupoImpacto, ClaseImpacto, Descripcion, RelevanciaGeneral) VALUES (57, 'Consecuencia', 'Daños', 'Daños en redes de distribución', 'Daños en vías urbanas', 'Daños en vías urbanas', 0);
INSERT INTO ImpactoClasificado (Id, TipoImpacto, GrupoImpacto, SubgrupoImpacto, ClaseImpacto, Descripcion, RelevanciaGeneral) VALUES (58, 'Consecuencia', 'Daños', 'Daños en redes de distribución', 'Daños en carreteras', 'Daños en carreteras', 0);
INSERT INTO ImpactoClasificado (Id, TipoImpacto, GrupoImpacto, SubgrupoImpacto, ClaseImpacto, Descripcion, RelevanciaGeneral) VALUES (59, 'Consecuencia', 'Daños', 'Daños en redes de distribución', 'Daños en la red de ferrocarril', 'Daños en la red de ferrocarril', 0);
INSERT INTO ImpactoClasificado (Id, TipoImpacto, GrupoImpacto, SubgrupoImpacto, ClaseImpacto, Descripcion, RelevanciaGeneral) VALUES (60, 'Consecuencia', 'Daños', 'Daños en redes de distribución', 'Daños en las telecomunicaciones', 'Daños en las telecomunicaciones', 0);
INSERT INTO ImpactoClasificado (Id, TipoImpacto, GrupoImpacto, SubgrupoImpacto, ClaseImpacto, Descripcion, RelevanciaGeneral) VALUES (61, 'Consecuencia', 'Daños', 'Daños en redes de distribución', 'Daños en oleoductos', 'Daños en oleoducto', 0);
INSERT INTO ImpactoClasificado (Id, TipoImpacto, GrupoImpacto, SubgrupoImpacto, ClaseImpacto, Descripcion, RelevanciaGeneral) VALUES (62, 'Consecuencia', 'Daños', 'Daños en construcciones de especial importancia', 'Daños en puertos marítimos', 'Daños en puertos marítimos', 0);
INSERT INTO ImpactoClasificado (Id, TipoImpacto, GrupoImpacto, SubgrupoImpacto, ClaseImpacto, Descripcion, RelevanciaGeneral) VALUES (63, 'Consecuencia', 'Daños', 'Daños en construcciones de especial importancia', 'Daños en aeropuertos', 'Daños en aeropuertos', 0);
INSERT INTO ImpactoClasificado (Id, TipoImpacto, GrupoImpacto, SubgrupoImpacto, ClaseImpacto, Descripcion, RelevanciaGeneral) VALUES (64, 'Consecuencia', 'Daños', 'Daños en construcciones de especial importancia', 'Daños en bienes industriales', 'Daños en bienes industriales', 0);
INSERT INTO ImpactoClasificado (Id, TipoImpacto, GrupoImpacto, SubgrupoImpacto, ClaseImpacto, Descripcion, RelevanciaGeneral) VALUES (65, 'Consecuencia', 'Daños', 'Daños en construcciones de especial importancia', 'Daños en construcciones de especial importancia', 'Daños en presas', 0);
INSERT INTO ImpactoClasificado (Id, TipoImpacto, GrupoImpacto, SubgrupoImpacto, ClaseImpacto, Descripcion, RelevanciaGeneral) VALUES (66, 'Consecuencia', 'Daños', 'Daños en construcciones de especial importancia', 'Daños en construcciones de especial importancia', 'Daños en centros operativos FAS y C Seguridad', 0);
INSERT INTO ImpactoClasificado (Id, TipoImpacto, GrupoImpacto, SubgrupoImpacto, ClaseImpacto, Descripcion, RelevanciaGeneral) VALUES (67, 'Consecuencia', 'Daños', 'Daños en construcciones de especial importancia', 'Daños en construcciones de especial importancia', 'Daños en centros sanitarios', 0);
INSERT INTO ImpactoClasificado (Id, TipoImpacto, GrupoImpacto, SubgrupoImpacto, ClaseImpacto, Descripcion, RelevanciaGeneral) VALUES (68, 'Consecuencia', 'Daños', 'Daños en construcciones de especial importancia', 'Daños en construcciones de especial importancia', 'Daños en centros educativos', 0);
INSERT INTO ImpactoClasificado (Id, TipoImpacto, GrupoImpacto, SubgrupoImpacto, ClaseImpacto, Descripcion, RelevanciaGeneral) VALUES (69, 'Consecuencia', 'Daños', 'Daños en construcciones de especial importancia', 'Daños en construcciones de especial importancia', 'Daños en parques de bomberos', 0);
INSERT INTO ImpactoClasificado (Id, TipoImpacto, GrupoImpacto, SubgrupoImpacto, ClaseImpacto, Descripcion, RelevanciaGeneral) VALUES (70, 'Consecuencia', 'Daños', 'Daños en construcciones de especial importancia', 'Daños en construcciones de especial importancia', 'Daños en edificios de uso público', 0);
INSERT INTO ImpactoClasificado (Id, TipoImpacto, GrupoImpacto, SubgrupoImpacto, ClaseImpacto, Descripcion, RelevanciaGeneral) VALUES (71, 'Consecuencia', 'Daños', 'Daños en construcciones de especial importancia', 'Daños en construcciones de especial importancia', 'Daños en edificios histórico-artísticos', 0);
INSERT INTO ImpactoClasificado (Id, TipoImpacto, GrupoImpacto, SubgrupoImpacto, ClaseImpacto, Descripcion, RelevanciaGeneral) VALUES (72, 'Consecuencia', 'Daños', 'Daños en construcciones de especial importancia', 'Daños en construcciones de especial importancia', 'Daños en otras construcciones', 0);
INSERT INTO ImpactoClasificado (Id, TipoImpacto, GrupoImpacto, SubgrupoImpacto, ClaseImpacto, Descripcion, RelevanciaGeneral) VALUES (73, 'Consecuencia', 'Medio natural y otros', 'Medio natural', 'Daños en bienes agropecuarios', 'Daños en agricultura', 0);
INSERT INTO ImpactoClasificado (Id, TipoImpacto, GrupoImpacto, SubgrupoImpacto, ClaseImpacto, Descripcion, RelevanciaGeneral) VALUES (74, 'Consecuencia', 'Medio natural y otros', 'Medio natural', 'Daños en bienes agropecuarios', 'Daños a animales', 0);
INSERT INTO ImpactoClasificado (Id, TipoImpacto, GrupoImpacto, SubgrupoImpacto, ClaseImpacto, Descripcion, RelevanciaGeneral) VALUES (75, 'Consecuencia', 'Medio natural y otros', 'Medio natural', 'Efectos geomorfológicos', 'Efectos geomorfológicos', 0);
INSERT INTO ImpactoClasificado (Id, TipoImpacto, GrupoImpacto, SubgrupoImpacto, ClaseImpacto, Descripcion, RelevanciaGeneral) VALUES (76, 'Consecuencia', 'Medio natural y otros', 'Medio natural', 'Efectos hidrológicos', 'Efectos hidrológicos', 0);
INSERT INTO ImpactoClasificado (Id, TipoImpacto, GrupoImpacto, SubgrupoImpacto, ClaseImpacto, Descripcion, RelevanciaGeneral) VALUES (77, 'Consecuencia', 'Medio natural y otros', 'Medio natural', 'Contaminación', 'Contaminación hídrica', 0);
INSERT INTO ImpactoClasificado (Id, TipoImpacto, GrupoImpacto, SubgrupoImpacto, ClaseImpacto, Descripcion, RelevanciaGeneral) VALUES (78, 'Consecuencia', 'Medio natural y otros', 'Medio natural', 'Contaminación', 'Nube tóxica', 0);
INSERT INTO ImpactoClasificado (Id, TipoImpacto, GrupoImpacto, SubgrupoImpacto, ClaseImpacto, Descripcion, RelevanciaGeneral) VALUES (79, 'Consecuencia', 'Medio natural y otros', 'Medio natural', 'Contaminación', 'Contaminación del suelo', 0);
INSERT INTO ImpactoClasificado (Id, TipoImpacto, GrupoImpacto, SubgrupoImpacto, ClaseImpacto, Descripcion, RelevanciaGeneral) VALUES (80, 'Consecuencia', 'Medio natural y otros', 'Medio natural', 'Contaminación', 'Contaminación marina', 0);
INSERT INTO ImpactoClasificado (Id, TipoImpacto, GrupoImpacto, SubgrupoImpacto, ClaseImpacto, Descripcion, RelevanciaGeneral) VALUES (81, 'Consecuencia', 'Medio natural y otros', 'Medio natural', 'Efectos hidrológicos', 'Desbordamiento de ríos', 0);
INSERT INTO ImpactoClasificado (Id, TipoImpacto, GrupoImpacto, SubgrupoImpacto, ClaseImpacto, Descripcion, RelevanciaGeneral) VALUES (82, 'Consecuencia', 'Medio natural y otros', 'Medio natural', 'Vertido de sustancias químicas', 'Vertido de sustancias químicas', 0);
INSERT INTO ImpactoClasificado (Id, TipoImpacto, GrupoImpacto, SubgrupoImpacto, ClaseImpacto, Descripcion, RelevanciaGeneral) VALUES (83, 'Consecuencia', 'Medio natural y otros', 'Medio natural', 'Contaminación', 'Contaminación radiológica', 0);
INSERT INTO ImpactoClasificado (Id, TipoImpacto, GrupoImpacto, SubgrupoImpacto, ClaseImpacto, Descripcion, RelevanciaGeneral) VALUES (84, 'Actuación', 'Medio natural y otros', 'Medio natural', 'Control de accesos', 'Control de accesos', 0);
INSERT INTO ImpactoClasificado (Id, TipoImpacto, GrupoImpacto, SubgrupoImpacto, ClaseImpacto, Descripcion, RelevanciaGeneral) VALUES (85, 'Actuación', 'Medio natural y otros', 'Medio natural', 'Control de agua y alimentos', 'Control de agua y alimentos', 0);
INSERT INTO ImpactoClasificado (Id, TipoImpacto, GrupoImpacto, SubgrupoImpacto, ClaseImpacto, Descripcion, RelevanciaGeneral) VALUES (86, 'Actuación', 'Medio natural y otros', 'Medio natural', 'Estabulación de animales', 'Estabulación de animales', 0);
INSERT INTO ImpactoClasificado (Id, TipoImpacto, GrupoImpacto, SubgrupoImpacto, ClaseImpacto, Descripcion, RelevanciaGeneral) VALUES (87, 'Consecuencia', 'Medio natural y otros', 'Medio natural', 'Otros', 'Otros efectos en el medio natural', 0);
INSERT INTO ImpactoClasificado (Id, TipoImpacto, GrupoImpacto, SubgrupoImpacto, ClaseImpacto, Descripcion, RelevanciaGeneral) VALUES (88, 'Consecuencia', 'Medio natural y otros', 'Otros', 'Daños en áreas urbanas', 'Caída de árboles', 0);
INSERT INTO ImpactoClasificado (Id, TipoImpacto, GrupoImpacto, SubgrupoImpacto, ClaseImpacto, Descripcion, RelevanciaGeneral) VALUES (89, 'Consecuencia', 'Medio natural y otros', 'Otros', 'Daños en áreas urbanas', 'Daños en vehículos automoviles', 0);
INSERT INTO ImpactoClasificado (Id, TipoImpacto, GrupoImpacto, SubgrupoImpacto, ClaseImpacto, Descripcion, RelevanciaGeneral) VALUES (90, 'Consecuencia', 'Medio natural y otros', 'Otros', 'Daños en áreas urbanas', 'Daños en mobiliario urbano', 0);
INSERT INTO ImpactoClasificado (Id, TipoImpacto, GrupoImpacto, SubgrupoImpacto, ClaseImpacto, Descripcion, RelevanciaGeneral) VALUES (91, 'Consecuencia', 'Medio natural y otros', 'Otros', 'Otros', 'Impacto económico', 0);
INSERT INTO ImpactoClasificado (Id, TipoImpacto, GrupoImpacto, SubgrupoImpacto, ClaseImpacto, Descripcion, RelevanciaGeneral) VALUES (92, 'Consecuencia', 'Medio natural y otros', 'Otros', 'Otros', 'Otras consecuencias', 0);
INSERT INTO ImpactoClasificado (Id, TipoImpacto, GrupoImpacto, SubgrupoImpacto, ClaseImpacto, Descripcion, RelevanciaGeneral) VALUES (93, 'Actuación', 'Medio natural y otros', 'Otros', 'Medidas administrativas públicas', 'Medidas administrativas públicas', 0);
INSERT INTO ImpactoClasificado (Id, TipoImpacto, GrupoImpacto, SubgrupoImpacto, ClaseImpacto, Descripcion, RelevanciaGeneral) VALUES (94, 'Actuación', 'Medio natural y otros', 'Otros', 'Monitorización y evaluación', 'Monitorización y evaluación', 0);
INSERT INTO ImpactoClasificado (Id, TipoImpacto, GrupoImpacto, SubgrupoImpacto, ClaseImpacto, Descripcion, RelevanciaGeneral) VALUES (95, 'Actuación', 'Medio natural y otros', 'Otros', 'Medidas de reconstrucción', 'Medidas de reconstrucción', 0);
INSERT INTO ImpactoClasificado (Id, TipoImpacto, GrupoImpacto, SubgrupoImpacto, ClaseImpacto, Descripcion, RelevanciaGeneral) VALUES (96, 'Actuación', 'Medio natural y otros', 'Otros', 'Medidas administrativas públicas', 'Concesión de subvenciones', 0);
INSERT INTO ImpactoClasificado (Id, TipoImpacto, GrupoImpacto, SubgrupoImpacto, ClaseImpacto, Descripcion, RelevanciaGeneral) VALUES (97, 'Actuación', 'Medio natural y otros', 'Otros', 'Otros', 'Otras actuaciones', 0);


SET IDENTITY_INSERT dbo.ImpactoClasificado OFF;

INSERT INTO ValidacionImpactoClasificado (IdImpactoClasificado, Campo, TipoCampo, EsObligatorio) VALUES
(1, 'Nuclear', 'Checkbox', 1),
(1, 'ValorAD', 'Text', 1),
(1, 'Numero', 'Text', 1),
(1, 'Observaciones', 'Text', 1),
(1, 'FechaHora', 'Date', 1),
(1, 'Causa', 'Text', 1);


INSERT INTO ValidacionImpactoClasificado (IdImpactoClasificado, Campo, TipoCampo, EsObligatorio) VALUES 
(2, 'Nuclear', 'Checkbox', 1),
(2, 'ValorAD', 'Text', 1),
(2, 'Numero', 'Text', 1),
(2, 'Observaciones', 'Text', 1),
(2, 'FechaHoraInicio', 'Datetime', 1),
(2, 'FechaHoraFin', 'Datetime', 1);


INSERT INTO ValidacionImpactoClasificado (IdImpactoClasificado, Campo, TipoCampo, EsObligatorio) VALUES 
(3, 'Nuclear', 'Checkbox', 1),
(3, 'ValorAD', 'Text', 1),
(3, 'Numero', 'Text', 1),
(3, 'Observaciones', 'Text', 1),
(3, 'FechaHoraInicio', 'Datetime', 1),
(3, 'FechaHoraFin', 'Datetime', 1);


INSERT INTO ValidacionImpactoClasificado (IdImpactoClasificado, Campo, TipoCampo, EsObligatorio) VALUES 
(4, 'Nuclear', 'Checkbox', 1),
(4, 'ValorAD', 'Text', 1),
(4, 'Numero', 'Text', 1),
(4, 'Observaciones', 'Text', 1),
(4, 'FechaHoraInicio', 'Datetime', 1),
(4, 'FechaHoraFin', 'Datetime', 1);


INSERT INTO ValidacionImpactoClasificado (IdImpactoClasificado, Campo, TipoCampo, EsObligatorio) VALUES 
(5, 'Nuclear', 'Checkbox', 1),
(5, 'ValorAD', 'Text', 1),
(5, 'Numero', 'Text', 1),
(5, 'Observaciones', 'Text', 1),
(5, 'FechaHora', 'Datetime', 1),
(5, 'NumeroGraves', 'Text', 1),
(5, 'NumeroIntervinientes', 'Text', 1);


INSERT INTO ValidacionImpactoClasificado (IdImpactoClasificado, Campo, TipoCampo, EsObligatorio) VALUES (6, 'Nuclear', 'Checkbox', 1);
INSERT INTO ValidacionImpactoClasificado (IdImpactoClasificado, Campo, TipoCampo, EsObligatorio) VALUES (6, 'ValorAD', 'Text', 1);
INSERT INTO ValidacionImpactoClasificado (IdImpactoClasificado, Campo, TipoCampo, EsObligatorio) VALUES (6, 'Numero', 'Text', 1);
INSERT INTO ValidacionImpactoClasificado (IdImpactoClasificado, Campo, TipoCampo, EsObligatorio) VALUES (6, 'Observaciones', 'Text', 1);
INSERT INTO ValidacionImpactoClasificado (IdImpactoClasificado, Campo, TipoCampo, EsObligatorio) VALUES (6, 'FechaHora', 'Datetime', 1);
INSERT INTO ValidacionImpactoClasificado (IdImpactoClasificado, Campo, TipoCampo, EsObligatorio) VALUES (6, 'NumeroGraves', 'Text', 1);
INSERT INTO ValidacionImpactoClasificado (IdImpactoClasificado, Campo, TipoCampo, EsObligatorio) VALUES (6, 'NumeroIntervinientes', 'Text', 1);
INSERT INTO ValidacionImpactoClasificado (IdImpactoClasificado, Campo, TipoCampo, EsObligatorio) VALUES (7, 'Nuclear', 'Checkbox', 1);
INSERT INTO ValidacionImpactoClasificado (IdImpactoClasificado, Campo, TipoCampo, EsObligatorio) VALUES (7, 'ValorAD', 'Text', 1);
INSERT INTO ValidacionImpactoClasificado (IdImpactoClasificado, Campo, TipoCampo, EsObligatorio) VALUES (7, 'Numero', 'Text', 1);
INSERT INTO ValidacionImpactoClasificado (IdImpactoClasificado, Campo, TipoCampo, EsObligatorio) VALUES (7, 'Observaciones', 'Text', 1);
INSERT INTO ValidacionImpactoClasificado (IdImpactoClasificado, Campo, TipoCampo, EsObligatorio) VALUES (7, 'FechaHora', 'Datetime', 1);
INSERT INTO ValidacionImpactoClasificado (IdImpactoClasificado, Campo, TipoCampo, EsObligatorio) VALUES (7, 'NumeroGraves', 'Text', 1);
INSERT INTO ValidacionImpactoClasificado (IdImpactoClasificado, Campo, TipoCampo, EsObligatorio) VALUES (7, 'NumeroIntervinientes', 'Text', 1);
INSERT INTO ValidacionImpactoClasificado (IdImpactoClasificado, Campo, TipoCampo, EsObligatorio) VALUES (8, 'Nuclear', 'Checkbox', 1);
INSERT INTO ValidacionImpactoClasificado (IdImpactoClasificado, Campo, TipoCampo, EsObligatorio) VALUES (8, 'ValorAD', 'Text', 1);
INSERT INTO ValidacionImpactoClasificado (IdImpactoClasificado, Campo, TipoCampo, EsObligatorio) VALUES (8, 'Numero', 'Text', 1);
INSERT INTO ValidacionImpactoClasificado (IdImpactoClasificado, Campo, TipoCampo, EsObligatorio) VALUES (8, 'Observaciones', 'Text', 1);
INSERT INTO ValidacionImpactoClasificado (IdImpactoClasificado, Campo, TipoCampo, EsObligatorio) VALUES (8, 'FechaHora', 'Datetime', 1);
INSERT INTO ValidacionImpactoClasificado (IdImpactoClasificado, Campo, TipoCampo, EsObligatorio) VALUES (8, 'NumeroGraves', 'Text', 1);
INSERT INTO ValidacionImpactoClasificado (IdImpactoClasificado, Campo, TipoCampo, EsObligatorio) VALUES (8, 'NumeroIntervinientes', 'Text', 1);
INSERT INTO ValidacionImpactoClasificado (IdImpactoClasificado, Campo, TipoCampo, EsObligatorio) VALUES (9, 'Nuclear', 'Checkbox', 1);
INSERT INTO ValidacionImpactoClasificado (IdImpactoClasificado, Campo, TipoCampo, EsObligatorio) VALUES (9, 'ValorAD', 'Text', 1);
INSERT INTO ValidacionImpactoClasificado (IdImpactoClasificado, Campo, TipoCampo, EsObligatorio) VALUES (9, 'Numero', 'Text', 1);
INSERT INTO ValidacionImpactoClasificado (IdImpactoClasificado, Campo, TipoCampo, EsObligatorio) VALUES (9, 'Observaciones', 'Text', 1);
INSERT INTO ValidacionImpactoClasificado (IdImpactoClasificado, Campo, TipoCampo, EsObligatorio) VALUES (9, 'FechaHora', 'Datetime', 1);
INSERT INTO ValidacionImpactoClasificado (IdImpactoClasificado, Campo, TipoCampo, EsObligatorio) VALUES (9, 'NumeroGraves', 'Text', 1);
INSERT INTO ValidacionImpactoClasificado (IdImpactoClasificado, Campo, TipoCampo, EsObligatorio) VALUES (9, 'NumeroIntervinientes', 'Text', 1);
INSERT INTO ValidacionImpactoClasificado (IdImpactoClasificado, Campo, TipoCampo, EsObligatorio) VALUES (10, 'Nuclear', 'Checkbox', 1);
INSERT INTO ValidacionImpactoClasificado (IdImpactoClasificado, Campo, TipoCampo, EsObligatorio) VALUES (10, 'ValorAD', 'Text', 1);
INSERT INTO ValidacionImpactoClasificado (IdImpactoClasificado, Campo, TipoCampo, EsObligatorio) VALUES (10, 'Numero', 'Text', 1);
INSERT INTO ValidacionImpactoClasificado (IdImpactoClasificado, Campo, TipoCampo, EsObligatorio) VALUES (10, 'Observaciones', 'Text', 1);
INSERT INTO ValidacionImpactoClasificado (IdImpactoClasificado, Campo, TipoCampo, EsObligatorio) VALUES (10, 'FechaHora', 'Datetime', 1);
INSERT INTO ValidacionImpactoClasificado (IdImpactoClasificado, Campo, TipoCampo, EsObligatorio) VALUES (10, 'NumeroGraves', 'Text', 1);
INSERT INTO ValidacionImpactoClasificado (IdImpactoClasificado, Campo, TipoCampo, EsObligatorio) VALUES (10, 'NumeroIntervinientes', 'Text', 1);
INSERT INTO ValidacionImpactoClasificado (IdImpactoClasificado, Campo, TipoCampo, EsObligatorio) VALUES (11, 'Nuclear', 'Checkbox', 1);
INSERT INTO ValidacionImpactoClasificado (IdImpactoClasificado, Campo, TipoCampo, EsObligatorio) VALUES (11, 'ValorAD', 'Text', 1);
INSERT INTO ValidacionImpactoClasificado (IdImpactoClasificado, Campo, TipoCampo, EsObligatorio) VALUES (11, 'Numero', 'Text', 1);
INSERT INTO ValidacionImpactoClasificado (IdImpactoClasificado, Campo, TipoCampo, EsObligatorio) VALUES (11, 'Observaciones', 'Text', 1);
INSERT INTO ValidacionImpactoClasificado (IdImpactoClasificado, Campo, TipoCampo, EsObligatorio) VALUES (11, 'FechaHora', 'Datetime', 1);
INSERT INTO ValidacionImpactoClasificado (IdImpactoClasificado, Campo, TipoCampo, EsObligatorio) VALUES (11, 'NumeroGraves', 'Text', 1);
INSERT INTO ValidacionImpactoClasificado (IdImpactoClasificado, Campo, TipoCampo, EsObligatorio) VALUES (11, 'NumeroIntervinientes', 'Text', 1);
INSERT INTO ValidacionImpactoClasificado (IdImpactoClasificado, Campo, TipoCampo, EsObligatorio) VALUES (12, 'Nuclear', 'Checkbox', 1);
INSERT INTO ValidacionImpactoClasificado (IdImpactoClasificado, Campo, TipoCampo, EsObligatorio) VALUES (12, 'ValorAD', 'Text', 1);
INSERT INTO ValidacionImpactoClasificado (IdImpactoClasificado, Campo, TipoCampo, EsObligatorio) VALUES (12, 'Numero', 'Text', 1);
INSERT INTO ValidacionImpactoClasificado (IdImpactoClasificado, Campo, TipoCampo, EsObligatorio) VALUES (12, 'Observaciones', 'Text', 1);
INSERT INTO ValidacionImpactoClasificado (IdImpactoClasificado, Campo, TipoCampo, EsObligatorio) VALUES (12, 'FechaHoraInicio', 'Datetime', 1);
INSERT INTO ValidacionImpactoClasificado (IdImpactoClasificado, Campo, TipoCampo, EsObligatorio) VALUES (12, 'FechaHoraFin', 'Datetime', 1);
INSERT INTO ValidacionImpactoClasificado (IdImpactoClasificado, Campo, TipoCampo, EsObligatorio) VALUES (13, 'Nuclear', 'Checkbox', 1);
INSERT INTO ValidacionImpactoClasificado (IdImpactoClasificado, Campo, TipoCampo, EsObligatorio) VALUES (13, 'ValorAD', 'Text', 1);
INSERT INTO ValidacionImpactoClasificado (IdImpactoClasificado, Campo, TipoCampo, EsObligatorio) VALUES (13, 'Numero', 'Text', 1);
INSERT INTO ValidacionImpactoClasificado (IdImpactoClasificado, Campo, TipoCampo, EsObligatorio) VALUES (13, 'Observaciones', 'Text', 1);
INSERT INTO ValidacionImpactoClasificado (IdImpactoClasificado, Campo, TipoCampo, EsObligatorio) VALUES (13, 'FechaHoraInicio', 'Datetime', 1);
INSERT INTO ValidacionImpactoClasificado (IdImpactoClasificado, Campo, TipoCampo, EsObligatorio) VALUES (13, 'FechaHoraFin', 'Datetime', 1);
INSERT INTO ValidacionImpactoClasificado (IdImpactoClasificado, Campo, TipoCampo, EsObligatorio) VALUES (14, 'Nuclear', 'Checkbox', 1);
INSERT INTO ValidacionImpactoClasificado (IdImpactoClasificado, Campo, TipoCampo, EsObligatorio) VALUES (14, 'ValorAD', 'Text', 1);
INSERT INTO ValidacionImpactoClasificado (IdImpactoClasificado, Campo, TipoCampo, EsObligatorio) VALUES (14, 'Numero', 'Text', 1);
INSERT INTO ValidacionImpactoClasificado (IdImpactoClasificado, Campo, TipoCampo, EsObligatorio) VALUES (14, 'Observaciones', 'Text', 1);
INSERT INTO ValidacionImpactoClasificado (IdImpactoClasificado, Campo, TipoCampo, EsObligatorio) VALUES (14, 'FechaHoraInicio', 'Datetime', 1);
INSERT INTO ValidacionImpactoClasificado (IdImpactoClasificado, Campo, TipoCampo, EsObligatorio) VALUES (14, 'FechaHoraFin', 'Datetime', 1);
INSERT INTO ValidacionImpactoClasificado (IdImpactoClasificado, Campo, TipoCampo, EsObligatorio) VALUES (15, 'Nuclear', 'Checkbox', 1);
INSERT INTO ValidacionImpactoClasificado (IdImpactoClasificado, Campo, TipoCampo, EsObligatorio) VALUES (15, 'ValorAD', 'Text', 1);
INSERT INTO ValidacionImpactoClasificado (IdImpactoClasificado, Campo, TipoCampo, EsObligatorio) VALUES (15, 'Numero', 'Text', 1);
INSERT INTO ValidacionImpactoClasificado (IdImpactoClasificado, Campo, TipoCampo, EsObligatorio) VALUES (15, 'Observaciones', 'Text', 1);
INSERT INTO ValidacionImpactoClasificado (IdImpactoClasificado, Campo, TipoCampo, EsObligatorio) VALUES (15, 'FechaHoraInicio', 'Datetime', 1);
INSERT INTO ValidacionImpactoClasificado (IdImpactoClasificado, Campo, TipoCampo, EsObligatorio) VALUES (15, 'FechaHoraFin', 'Datetime', 1);
INSERT INTO ValidacionImpactoClasificado (IdImpactoClasificado, Campo, TipoCampo, EsObligatorio) VALUES (16, 'Nuclear', 'Checkbox', 1);
INSERT INTO ValidacionImpactoClasificado (IdImpactoClasificado, Campo, TipoCampo, EsObligatorio) VALUES (16, 'ValorAD', 'Text', 1);
INSERT INTO ValidacionImpactoClasificado (IdImpactoClasificado, Campo, TipoCampo, EsObligatorio) VALUES (16, 'Numero', 'Text', 1);
INSERT INTO ValidacionImpactoClasificado (IdImpactoClasificado, Campo, TipoCampo, EsObligatorio) VALUES (16, 'Observaciones', 'Text', 1);
INSERT INTO ValidacionImpactoClasificado (IdImpactoClasificado, Campo, TipoCampo, EsObligatorio) VALUES (16, 'FechaHora', 'Datetime', 1);
INSERT INTO ValidacionImpactoClasificado (IdImpactoClasificado, Campo, TipoCampo, EsObligatorio) VALUES (17, 'Nuclear', 'Checkbox', 1);
INSERT INTO ValidacionImpactoClasificado (IdImpactoClasificado, Campo, TipoCampo, EsObligatorio) VALUES (17, 'ValorAD', 'Text', 1);
INSERT INTO ValidacionImpactoClasificado (IdImpactoClasificado, Campo, TipoCampo, EsObligatorio) VALUES (17, 'Numero', 'Text', 1);
INSERT INTO ValidacionImpactoClasificado (IdImpactoClasificado, Campo, TipoCampo, EsObligatorio) VALUES (17, 'Observaciones', 'Text', 1);
INSERT INTO ValidacionImpactoClasificado (IdImpactoClasificado, Campo, TipoCampo, EsObligatorio) VALUES (17, 'FechaHoraInicio', 'Datetime', 1);
INSERT INTO ValidacionImpactoClasificado (IdImpactoClasificado, Campo, TipoCampo, EsObligatorio) VALUES (17, 'FechaHoraFin', 'Datetime', 1);
INSERT INTO ValidacionImpactoClasificado (IdImpactoClasificado, Campo, TipoCampo, EsObligatorio) VALUES (18, 'Nuclear', 'Checkbox', 1);
INSERT INTO ValidacionImpactoClasificado (IdImpactoClasificado, Campo, TipoCampo, EsObligatorio) VALUES (18, 'ValorAD', 'Text', 1);
INSERT INTO ValidacionImpactoClasificado (IdImpactoClasificado, Campo, TipoCampo, EsObligatorio) VALUES (18, 'Numero', 'Text', 1);
INSERT INTO ValidacionImpactoClasificado (IdImpactoClasificado, Campo, TipoCampo, EsObligatorio) VALUES (18, 'Observaciones', 'Text', 1);
INSERT INTO ValidacionImpactoClasificado (IdImpactoClasificado, Campo, TipoCampo, EsObligatorio) VALUES (18, 'FechaHora', 'Datetime', 1);
INSERT INTO ValidacionImpactoClasificado (IdImpactoClasificado, Campo, TipoCampo, EsObligatorio) VALUES (19, 'Nuclear', 'Checkbox', 1);
INSERT INTO ValidacionImpactoClasificado (IdImpactoClasificado, Campo, TipoCampo, EsObligatorio) VALUES (19, 'ValorAD', 'Text', 1);
INSERT INTO ValidacionImpactoClasificado (IdImpactoClasificado, Campo, TipoCampo, EsObligatorio) VALUES (19, 'Numero', 'Text', 1);
INSERT INTO ValidacionImpactoClasificado (IdImpactoClasificado, Campo, TipoCampo, EsObligatorio) VALUES (19, 'Observaciones', 'Text', 1);
INSERT INTO ValidacionImpactoClasificado (IdImpactoClasificado, Campo, TipoCampo, EsObligatorio) VALUES (19, 'FechaHora', 'Datetime', 1);
INSERT INTO ValidacionImpactoClasificado (IdImpactoClasificado, Campo, TipoCampo, EsObligatorio) VALUES (20, 'Nuclear', 'Checkbox', 1);
INSERT INTO ValidacionImpactoClasificado (IdImpactoClasificado, Campo, TipoCampo, EsObligatorio) VALUES (20, 'ValorAD', 'Text', 1);
INSERT INTO ValidacionImpactoClasificado (IdImpactoClasificado, Campo, TipoCampo, EsObligatorio) VALUES (20, 'Numero', 'Text', 1);
INSERT INTO ValidacionImpactoClasificado (IdImpactoClasificado, Campo, TipoCampo, EsObligatorio) VALUES (20, 'Observaciones', 'Text', 1);
INSERT INTO ValidacionImpactoClasificado (IdImpactoClasificado, Campo, TipoCampo, EsObligatorio) VALUES (20, 'FechaHora', 'Datetime', 1);
INSERT INTO ValidacionImpactoClasificado (IdImpactoClasificado, Campo, TipoCampo, EsObligatorio) VALUES (21, 'Nuclear', 'Checkbox', 1);
INSERT INTO ValidacionImpactoClasificado (IdImpactoClasificado, Campo, TipoCampo, EsObligatorio) VALUES (21, 'ValorAD', 'Text', 1);
INSERT INTO ValidacionImpactoClasificado (IdImpactoClasificado, Campo, TipoCampo, EsObligatorio) VALUES (21, 'Numero', 'Text', 1);
INSERT INTO ValidacionImpactoClasificado (IdImpactoClasificado, Campo, TipoCampo, EsObligatorio) VALUES (21, 'Observaciones', 'Text', 1);
INSERT INTO ValidacionImpactoClasificado (IdImpactoClasificado, Campo, TipoCampo, EsObligatorio) VALUES (21, 'FechaHora', 'Datetime', 1);
INSERT INTO ValidacionImpactoClasificado (IdImpactoClasificado, Campo, TipoCampo, EsObligatorio) VALUES (22, 'Nuclear', 'Checkbox', 1);
INSERT INTO ValidacionImpactoClasificado (IdImpactoClasificado, Campo, TipoCampo, EsObligatorio) VALUES (22, 'ValorAD', 'Text', 1);
INSERT INTO ValidacionImpactoClasificado (IdImpactoClasificado, Campo, TipoCampo, EsObligatorio) VALUES (22, 'Numero', 'Text', 1);
INSERT INTO ValidacionImpactoClasificado (IdImpactoClasificado, Campo, TipoCampo, EsObligatorio) VALUES (22, 'Observaciones', 'Text', 1);
INSERT INTO ValidacionImpactoClasificado (IdImpactoClasificado, Campo, TipoCampo, EsObligatorio) VALUES (22, 'FechaHoraInicio', 'Datetime', 1);
INSERT INTO ValidacionImpactoClasificado (IdImpactoClasificado, Campo, TipoCampo, EsObligatorio) VALUES (22, 'FechaHoraFin', 'Datetime', 1);
INSERT INTO ValidacionImpactoClasificado (IdImpactoClasificado, Campo, TipoCampo, EsObligatorio) VALUES (23, 'Nuclear', 'Checkbox', 1);
INSERT INTO ValidacionImpactoClasificado (IdImpactoClasificado, Campo, TipoCampo, EsObligatorio) VALUES (23, 'ValorAD', 'Text', 1);
INSERT INTO ValidacionImpactoClasificado (IdImpactoClasificado, Campo, TipoCampo, EsObligatorio) VALUES (23, 'Numero', 'Text', 1);
INSERT INTO ValidacionImpactoClasificado (IdImpactoClasificado, Campo, TipoCampo, EsObligatorio) VALUES (23, 'Observaciones', 'Text', 1);
INSERT INTO ValidacionImpactoClasificado (IdImpactoClasificado, Campo, TipoCampo, EsObligatorio) VALUES (23, 'FechaHoraInicio', 'Datetime', 1);
INSERT INTO ValidacionImpactoClasificado (IdImpactoClasificado, Campo, TipoCampo, EsObligatorio) VALUES (23, 'FechaHoraFin', 'Datetime', 1);
INSERT INTO ValidacionImpactoClasificado (IdImpactoClasificado, Campo, TipoCampo, EsObligatorio) VALUES (24, 'Nuclear', 'Checkbox', 1);
INSERT INTO ValidacionImpactoClasificado (IdImpactoClasificado, Campo, TipoCampo, EsObligatorio) VALUES (24, 'ValorAD', 'Text', 1);
INSERT INTO ValidacionImpactoClasificado (IdImpactoClasificado, Campo, TipoCampo, EsObligatorio) VALUES (24, 'Numero', 'Text', 1);
INSERT INTO ValidacionImpactoClasificado (IdImpactoClasificado, Campo, TipoCampo, EsObligatorio) VALUES (24, 'Observaciones', 'Text', 1);
INSERT INTO ValidacionImpactoClasificado (IdImpactoClasificado, Campo, TipoCampo, EsObligatorio) VALUES (24, 'FechaHoraInicio', 'Datetime', 1);
INSERT INTO ValidacionImpactoClasificado (IdImpactoClasificado, Campo, TipoCampo, EsObligatorio) VALUES (24, 'FechaHoraFin', 'Datetime', 1);
INSERT INTO ValidacionImpactoClasificado (IdImpactoClasificado, Campo, TipoCampo, EsObligatorio) VALUES (25, 'Nuclear', 'Checkbox', 1);
INSERT INTO ValidacionImpactoClasificado (IdImpactoClasificado, Campo, TipoCampo, EsObligatorio) VALUES (25, 'ValorAD', 'Text', 1);
INSERT INTO ValidacionImpactoClasificado (IdImpactoClasificado, Campo, TipoCampo, EsObligatorio) VALUES (25, 'Numero', 'Text', 1);
INSERT INTO ValidacionImpactoClasificado (IdImpactoClasificado, Campo, TipoCampo, EsObligatorio) VALUES (25, 'Observaciones', 'Text', 1);
INSERT INTO ValidacionImpactoClasificado (IdImpactoClasificado, Campo, TipoCampo, EsObligatorio) VALUES (25, 'FechaHoraInicio', 'Datetime', 1);
INSERT INTO ValidacionImpactoClasificado (IdImpactoClasificado, Campo, TipoCampo, EsObligatorio) VALUES (25, 'FechaHoraFin', 'Datetime', 1);
INSERT INTO ValidacionImpactoClasificado (IdImpactoClasificado, Campo, TipoCampo, EsObligatorio) VALUES (26, 'Nuclear', 'Checkbox', 1);
INSERT INTO ValidacionImpactoClasificado (IdImpactoClasificado, Campo, TipoCampo, EsObligatorio) VALUES (26, 'ValorAD', 'Text', 1);
INSERT INTO ValidacionImpactoClasificado (IdImpactoClasificado, Campo, TipoCampo, EsObligatorio) VALUES (26, 'Numero', 'Text', 1);
INSERT INTO ValidacionImpactoClasificado (IdImpactoClasificado, Campo, TipoCampo, EsObligatorio) VALUES (26, 'Observaciones', 'Text', 1);
INSERT INTO ValidacionImpactoClasificado (IdImpactoClasificado, Campo, TipoCampo, EsObligatorio) VALUES (26, 'FechaHoraInicio', 'Datetime', 1);
INSERT INTO ValidacionImpactoClasificado (IdImpactoClasificado, Campo, TipoCampo, EsObligatorio) VALUES (26, 'FechaHoraFin', 'Datetime', 1);
INSERT INTO ValidacionImpactoClasificado (IdImpactoClasificado, Campo, TipoCampo, EsObligatorio) VALUES (26, 'AlteracionInterrupcion', 'Checkbox', 1);
INSERT INTO ValidacionImpactoClasificado (IdImpactoClasificado, Campo, TipoCampo, EsObligatorio) VALUES (26, 'NumeroUsuarios', 'Text', 1);
INSERT INTO ValidacionImpactoClasificado (IdImpactoClasificado, Campo, TipoCampo, EsObligatorio) VALUES (26, 'NumeroLocalidades', 'Text', 1);
INSERT INTO ValidacionImpactoClasificado (IdImpactoClasificado, Campo, TipoCampo, EsObligatorio) VALUES (27, 'Nuclear', 'Checkbox', 1);
INSERT INTO ValidacionImpactoClasificado (IdImpactoClasificado, Campo, TipoCampo, EsObligatorio) VALUES (27, 'ValorAD', 'Text', 1);
INSERT INTO ValidacionImpactoClasificado (IdImpactoClasificado, Campo, TipoCampo, EsObligatorio) VALUES (27, 'Numero', 'Text', 1);
INSERT INTO ValidacionImpactoClasificado (IdImpactoClasificado, Campo, TipoCampo, EsObligatorio) VALUES (27, 'Observaciones', 'Text', 1);
INSERT INTO ValidacionImpactoClasificado (IdImpactoClasificado, Campo, TipoCampo, EsObligatorio) VALUES (27, 'FechaHoraInicio', 'Datetime', 1);
INSERT INTO ValidacionImpactoClasificado (IdImpactoClasificado, Campo, TipoCampo, EsObligatorio) VALUES (27, 'FechaHoraFin', 'Datetime', 1);
INSERT INTO ValidacionImpactoClasificado (IdImpactoClasificado, Campo, TipoCampo, EsObligatorio) VALUES (27, 'AlteracionInterrupcion', 'Checkbox', 1);
INSERT INTO ValidacionImpactoClasificado (IdImpactoClasificado, Campo, TipoCampo, EsObligatorio) VALUES (27, 'NumeroUsuarios', 'Text', 1);
INSERT INTO ValidacionImpactoClasificado (IdImpactoClasificado, Campo, TipoCampo, EsObligatorio) VALUES (27, 'NumeroLocalidades', 'Text', 1);
INSERT INTO ValidacionImpactoClasificado (IdImpactoClasificado, Campo, TipoCampo, EsObligatorio) VALUES (28, 'Nuclear', 'Checkbox', 1);
INSERT INTO ValidacionImpactoClasificado (IdImpactoClasificado, Campo, TipoCampo, EsObligatorio) VALUES (28, 'ValorAD', 'Text', 1);
INSERT INTO ValidacionImpactoClasificado (IdImpactoClasificado, Campo, TipoCampo, EsObligatorio) VALUES (28, 'Numero', 'Text', 1);
INSERT INTO ValidacionImpactoClasificado (IdImpactoClasificado, Campo, TipoCampo, EsObligatorio) VALUES (28, 'Observaciones', 'Text', 1);
INSERT INTO ValidacionImpactoClasificado (IdImpactoClasificado, Campo, TipoCampo, EsObligatorio) VALUES (28, 'FechaHoraInicio', 'Datetime', 1);
INSERT INTO ValidacionImpactoClasificado (IdImpactoClasificado, Campo, TipoCampo, EsObligatorio) VALUES (28, 'FechaHoraFin', 'Datetime', 1);
INSERT INTO ValidacionImpactoClasificado (IdImpactoClasificado, Campo, TipoCampo, EsObligatorio) VALUES (28, 'AlteracionInterrupcion', 'Checkbox', 1);
INSERT INTO ValidacionImpactoClasificado (IdImpactoClasificado, Campo, TipoCampo, EsObligatorio) VALUES (28, 'NumeroUsuarios', 'Text', 1);
INSERT INTO ValidacionImpactoClasificado (IdImpactoClasificado, Campo, TipoCampo, EsObligatorio) VALUES (28, 'NumeroLocalidades', 'Text', 1);
INSERT INTO ValidacionImpactoClasificado (IdImpactoClasificado, Campo, TipoCampo, EsObligatorio) VALUES (29, 'Nuclear', 'Checkbox', 1);
INSERT INTO ValidacionImpactoClasificado (IdImpactoClasificado, Campo, TipoCampo, EsObligatorio) VALUES (29, 'ValorAD', 'Text', 1);
INSERT INTO ValidacionImpactoClasificado (IdImpactoClasificado, Campo, TipoCampo, EsObligatorio) VALUES (29, 'Numero', 'Text', 1);
INSERT INTO ValidacionImpactoClasificado (IdImpactoClasificado, Campo, TipoCampo, EsObligatorio) VALUES (29, 'Observaciones', 'Text', 1);
INSERT INTO ValidacionImpactoClasificado (IdImpactoClasificado, Campo, TipoCampo, EsObligatorio) VALUES (29, 'FechaHoraInicio', 'Datetime', 1);
INSERT INTO ValidacionImpactoClasificado (IdImpactoClasificado, Campo, TipoCampo, EsObligatorio) VALUES (29, 'FechaHoraFin', 'Datetime', 1);
INSERT INTO ValidacionImpactoClasificado (IdImpactoClasificado, Campo, TipoCampo, EsObligatorio) VALUES (29, 'AlteracionInterrupcion', 'Checkbox', 1);
INSERT INTO ValidacionImpactoClasificado (IdImpactoClasificado, Campo, TipoCampo, EsObligatorio) VALUES (29, 'NumeroUsuarios', 'Text', 1);
INSERT INTO ValidacionImpactoClasificado (IdImpactoClasificado, Campo, TipoCampo, EsObligatorio) VALUES (29, 'NumeroLocalidades', 'Text', 1);
INSERT INTO ValidacionImpactoClasificado (IdImpactoClasificado, Campo, TipoCampo, EsObligatorio) VALUES (30, 'Nuclear', 'Checkbox', 1);
INSERT INTO ValidacionImpactoClasificado (IdImpactoClasificado, Campo, TipoCampo, EsObligatorio) VALUES (30, 'ValorAD', 'Text', 1);
INSERT INTO ValidacionImpactoClasificado (IdImpactoClasificado, Campo, TipoCampo, EsObligatorio) VALUES (30, 'Numero', 'Text', 1);
INSERT INTO ValidacionImpactoClasificado (IdImpactoClasificado, Campo, TipoCampo, EsObligatorio) VALUES (30, 'Observaciones', 'Text', 1);
INSERT INTO ValidacionImpactoClasificado (IdImpactoClasificado, Campo, TipoCampo, EsObligatorio) VALUES (30, 'FechaHoraInicio', 'Datetime', 1);
INSERT INTO ValidacionImpactoClasificado (IdImpactoClasificado, Campo, TipoCampo, EsObligatorio) VALUES (30, 'FechaHoraFin', 'Datetime', 1);
INSERT INTO ValidacionImpactoClasificado (IdImpactoClasificado, Campo, TipoCampo, EsObligatorio) VALUES (30, 'AlteracionInterrupcion', 'Checkbox', 1);
INSERT INTO ValidacionImpactoClasificado (IdImpactoClasificado, Campo, TipoCampo, EsObligatorio) VALUES (30, 'NumeroUsuarios', 'Text', 1);
INSERT INTO ValidacionImpactoClasificado (IdImpactoClasificado, Campo, TipoCampo, EsObligatorio) VALUES (30, 'NumeroLocalidades', 'Text', 1);
INSERT INTO ValidacionImpactoClasificado (IdImpactoClasificado, Campo, TipoCampo, EsObligatorio) VALUES (31, 'Nuclear', 'Checkbox', 1);
INSERT INTO ValidacionImpactoClasificado (IdImpactoClasificado, Campo, TipoCampo, EsObligatorio) VALUES (31, 'ValorAD', 'Text', 1);
INSERT INTO ValidacionImpactoClasificado (IdImpactoClasificado, Campo, TipoCampo, EsObligatorio) VALUES (31, 'Numero', 'Text', 1);
INSERT INTO ValidacionImpactoClasificado (IdImpactoClasificado, Campo, TipoCampo, EsObligatorio) VALUES (31, 'Observaciones', 'Text', 1);
INSERT INTO ValidacionImpactoClasificado (IdImpactoClasificado, Campo, TipoCampo, EsObligatorio) VALUES (31, 'FechaHoraInicio', 'Datetime', 1);
INSERT INTO ValidacionImpactoClasificado (IdImpactoClasificado, Campo, TipoCampo, EsObligatorio) VALUES (31, 'FechaHoraFin', 'Datetime', 1);
INSERT INTO ValidacionImpactoClasificado (IdImpactoClasificado, Campo, TipoCampo, EsObligatorio) VALUES (31, 'NumeroUsuarios', 'Text', 1);
INSERT INTO ValidacionImpactoClasificado (IdImpactoClasificado, Campo, TipoCampo, EsObligatorio) VALUES (31, 'NumeroLocalidades', 'Text', 1);
INSERT INTO ValidacionImpactoClasificado (IdImpactoClasificado, Campo, TipoCampo, EsObligatorio) VALUES (32, 'Nuclear', 'Checkbox', 1);
INSERT INTO ValidacionImpactoClasificado (IdImpactoClasificado, Campo, TipoCampo, EsObligatorio) VALUES (32, 'ValorAD', 'Text', 1);
INSERT INTO ValidacionImpactoClasificado (IdImpactoClasificado, Campo, TipoCampo, EsObligatorio) VALUES (32, 'Numero', 'Text', 1);
INSERT INTO ValidacionImpactoClasificado (IdImpactoClasificado, Campo, TipoCampo, EsObligatorio) VALUES (32, 'Observaciones', 'Text', 1);
INSERT INTO ValidacionImpactoClasificado (IdImpactoClasificado, Campo, TipoCampo, EsObligatorio) VALUES (32, 'FechaHoraInicio', 'Datetime', 1);
INSERT INTO ValidacionImpactoClasificado (IdImpactoClasificado, Campo, TipoCampo, EsObligatorio) VALUES (32, 'FechaHoraFin', 'Datetime', 1);
INSERT INTO ValidacionImpactoClasificado (IdImpactoClasificado, Campo, TipoCampo, EsObligatorio) VALUES (32, 'NumeroUsuarios', 'Text', 1);
INSERT INTO ValidacionImpactoClasificado (IdImpactoClasificado, Campo, TipoCampo, EsObligatorio) VALUES (32, 'NumeroLocalidades', 'Text', 1);
INSERT INTO ValidacionImpactoClasificado (IdImpactoClasificado, Campo, TipoCampo, EsObligatorio) VALUES (33, 'Nuclear', 'Checkbox', 1);
INSERT INTO ValidacionImpactoClasificado (IdImpactoClasificado, Campo, TipoCampo, EsObligatorio) VALUES (33, 'ValorAD', 'Text', 1);
INSERT INTO ValidacionImpactoClasificado (IdImpactoClasificado, Campo, TipoCampo, EsObligatorio) VALUES (33, 'Numero', 'Text', 1);
INSERT INTO ValidacionImpactoClasificado (IdImpactoClasificado, Campo, TipoCampo, EsObligatorio) VALUES (33, 'Observaciones', 'Text', 1);
INSERT INTO ValidacionImpactoClasificado (IdImpactoClasificado, Campo, TipoCampo, EsObligatorio) VALUES (33, 'FechaHoraInicio', 'Datetime', 1);
INSERT INTO ValidacionImpactoClasificado (IdImpactoClasificado, Campo, TipoCampo, EsObligatorio) VALUES (33, 'FechaHoraFin', 'Datetime', 1);
INSERT INTO ValidacionImpactoClasificado (IdImpactoClasificado, Campo, TipoCampo, EsObligatorio) VALUES (33, 'AlteracionInterrupcion', 'Checkbox', 1);
INSERT INTO ValidacionImpactoClasificado (IdImpactoClasificado, Campo, TipoCampo, EsObligatorio) VALUES (33, 'NumeroUsuarios', 'Text', 1);
INSERT INTO ValidacionImpactoClasificado (IdImpactoClasificado, Campo, TipoCampo, EsObligatorio) VALUES (33, 'NumeroLocalidades', 'Text', 1);
INSERT INTO ValidacionImpactoClasificado (IdImpactoClasificado, Campo, TipoCampo, EsObligatorio) VALUES (34, 'Nuclear', 'Checkbox', 1);
INSERT INTO ValidacionImpactoClasificado (IdImpactoClasificado, Campo, TipoCampo, EsObligatorio) VALUES (34, 'ValorAD', 'Text', 1);
INSERT INTO ValidacionImpactoClasificado (IdImpactoClasificado, Campo, TipoCampo, EsObligatorio) VALUES (34, 'Numero', 'Text', 1);
INSERT INTO ValidacionImpactoClasificado (IdImpactoClasificado, Campo, TipoCampo, EsObligatorio) VALUES (34, 'Observaciones', 'Text', 1);
INSERT INTO ValidacionImpactoClasificado (IdImpactoClasificado, Campo, TipoCampo, EsObligatorio) VALUES (34, 'FechaHoraInicio', 'Datetime', 1);
INSERT INTO ValidacionImpactoClasificado (IdImpactoClasificado, Campo, TipoCampo, EsObligatorio) VALUES (34, 'FechaHoraFin', 'Datetime', 1);
INSERT INTO ValidacionImpactoClasificado (IdImpactoClasificado, Campo, TipoCampo, EsObligatorio) VALUES (34, 'AlteracionInterrupcion', 'Checkbox', 1);
INSERT INTO ValidacionImpactoClasificado (IdImpactoClasificado, Campo, TipoCampo, EsObligatorio) VALUES (34, 'NumeroUsuarios', 'Text', 1);
INSERT INTO ValidacionImpactoClasificado (IdImpactoClasificado, Campo, TipoCampo, EsObligatorio) VALUES (34, 'NumeroLocalidades', 'Text', 1);
INSERT INTO ValidacionImpactoClasificado (IdImpactoClasificado, Campo, TipoCampo, EsObligatorio) VALUES (35, 'Nuclear', 'Checkbox', 1);
INSERT INTO ValidacionImpactoClasificado (IdImpactoClasificado, Campo, TipoCampo, EsObligatorio) VALUES (35, 'ValorAD', 'Text', 1);
INSERT INTO ValidacionImpactoClasificado (IdImpactoClasificado, Campo, TipoCampo, EsObligatorio) VALUES (35, 'Numero', 'Text', 1);
INSERT INTO ValidacionImpactoClasificado (IdImpactoClasificado, Campo, TipoCampo, EsObligatorio) VALUES (35, 'Observaciones', 'Text', 1);
INSERT INTO ValidacionImpactoClasificado (IdImpactoClasificado, Campo, TipoCampo, EsObligatorio) VALUES (35, 'FechaHoraInicio', 'Datetime', 1);
INSERT INTO ValidacionImpactoClasificado (IdImpactoClasificado, Campo, TipoCampo, EsObligatorio) VALUES (35, 'FechaHoraFin', 'Datetime', 1);
INSERT INTO ValidacionImpactoClasificado (IdImpactoClasificado, Campo, TipoCampo, EsObligatorio) VALUES (35, 'AlteracionInterrupcion', 'Checkbox', 1);
INSERT INTO ValidacionImpactoClasificado (IdImpactoClasificado, Campo, TipoCampo, EsObligatorio) VALUES (35, 'NumeroUsuarios', 'Text', 1);
INSERT INTO ValidacionImpactoClasificado (IdImpactoClasificado, Campo, TipoCampo, EsObligatorio) VALUES (35, 'NumeroLocalidades', 'Text', 1);
INSERT INTO ValidacionImpactoClasificado (IdImpactoClasificado, Campo, TipoCampo, EsObligatorio) VALUES (36, 'Nuclear', 'Checkbox', 1);
INSERT INTO ValidacionImpactoClasificado (IdImpactoClasificado, Campo, TipoCampo, EsObligatorio) VALUES (36, 'ValorAD', 'Text', 1);
INSERT INTO ValidacionImpactoClasificado (IdImpactoClasificado, Campo, TipoCampo, EsObligatorio) VALUES (36, 'Numero', 'Text', 1);
INSERT INTO ValidacionImpactoClasificado (IdImpactoClasificado, Campo, TipoCampo, EsObligatorio) VALUES (36, 'Observaciones', 'Text', 1);
INSERT INTO ValidacionImpactoClasificado (IdImpactoClasificado, Campo, TipoCampo, EsObligatorio) VALUES (36, 'FechaHoraInicio', 'Datetime', 1);
INSERT INTO ValidacionImpactoClasificado (IdImpactoClasificado, Campo, TipoCampo, EsObligatorio) VALUES (36, 'FechaHoraFin', 'Datetime', 1);
INSERT INTO ValidacionImpactoClasificado (IdImpactoClasificado, Campo, TipoCampo, EsObligatorio) VALUES (36, 'AlteracionInterrupcion', 'Checkbox', 1);
INSERT INTO ValidacionImpactoClasificado (IdImpactoClasificado, Campo, TipoCampo, EsObligatorio) VALUES (36, 'NumeroUsuarios', 'Text', 1);
INSERT INTO ValidacionImpactoClasificado (IdImpactoClasificado, Campo, TipoCampo, EsObligatorio) VALUES (36, 'NumeroServicios', 'Text', 1);
INSERT INTO ValidacionImpactoClasificado (IdImpactoClasificado, Campo, TipoCampo, EsObligatorio) VALUES (37, 'Nuclear', 'Checkbox', 1);
INSERT INTO ValidacionImpactoClasificado (IdImpactoClasificado, Campo, TipoCampo, EsObligatorio) VALUES (37, 'ValorAD', 'Text', 1);
INSERT INTO ValidacionImpactoClasificado (IdImpactoClasificado, Campo, TipoCampo, EsObligatorio) VALUES (37, 'Numero', 'Text', 1);
INSERT INTO ValidacionImpactoClasificado (IdImpactoClasificado, Campo, TipoCampo, EsObligatorio) VALUES (37, 'Observaciones', 'Text', 1);
INSERT INTO ValidacionImpactoClasificado (IdImpactoClasificado, Campo, TipoCampo, EsObligatorio) VALUES (37, 'FechaHoraInicio', 'Datetime', 1);
INSERT INTO ValidacionImpactoClasificado (IdImpactoClasificado, Campo, TipoCampo, EsObligatorio) VALUES (37, 'FechaHoraFin', 'Datetime', 1);
INSERT INTO ValidacionImpactoClasificado (IdImpactoClasificado, Campo, TipoCampo, EsObligatorio) VALUES (37, 'AlteracionInterrupcion', 'Checkbox', 1);
INSERT INTO ValidacionImpactoClasificado (IdImpactoClasificado, Campo, TipoCampo, EsObligatorio) VALUES (37, 'NumeroUsuarios', 'Text', 1);
INSERT INTO ValidacionImpactoClasificado (IdImpactoClasificado, Campo, TipoCampo, EsObligatorio) VALUES (37, 'NumeroServicios', 'Text', 1);
INSERT INTO ValidacionImpactoClasificado (IdImpactoClasificado, Campo, TipoCampo, EsObligatorio) VALUES (38, 'Nuclear', 'Checkbox', 1);
INSERT INTO ValidacionImpactoClasificado (IdImpactoClasificado, Campo, TipoCampo, EsObligatorio) VALUES (38, 'ValorAD', 'Text', 1);
INSERT INTO ValidacionImpactoClasificado (IdImpactoClasificado, Campo, TipoCampo, EsObligatorio) VALUES (38, 'Numero', 'Text', 1);
INSERT INTO ValidacionImpactoClasificado (IdImpactoClasificado, Campo, TipoCampo, EsObligatorio) VALUES (38, 'Observaciones', 'Text', 1);
INSERT INTO ValidacionImpactoClasificado (IdImpactoClasificado, Campo, TipoCampo, EsObligatorio) VALUES (38, 'FechaHoraInicio', 'Datetime', 1);
INSERT INTO ValidacionImpactoClasificado (IdImpactoClasificado, Campo, TipoCampo, EsObligatorio) VALUES (38, 'FechaHoraFin', 'Datetime', 1);
INSERT INTO ValidacionImpactoClasificado (IdImpactoClasificado, Campo, TipoCampo, EsObligatorio) VALUES (38, 'AlteracionInterrupcion', 'Checkbox', 1);
INSERT INTO ValidacionImpactoClasificado (IdImpactoClasificado, Campo, TipoCampo, EsObligatorio) VALUES (38, 'NumeroUsuarios', 'Text', 1);
INSERT INTO ValidacionImpactoClasificado (IdImpactoClasificado, Campo, TipoCampo, EsObligatorio) VALUES (38, 'NumeroServicios', 'Text', 1);
INSERT INTO ValidacionImpactoClasificado (IdImpactoClasificado, Campo, TipoCampo, EsObligatorio) VALUES (39, 'Nuclear', 'Checkbox', 1);
INSERT INTO ValidacionImpactoClasificado (IdImpactoClasificado, Campo, TipoCampo, EsObligatorio) VALUES (39, 'ValorAD', 'Text', 1);
INSERT INTO ValidacionImpactoClasificado (IdImpactoClasificado, Campo, TipoCampo, EsObligatorio) VALUES (39, 'Numero', 'Text', 1);
INSERT INTO ValidacionImpactoClasificado (IdImpactoClasificado, Campo, TipoCampo, EsObligatorio) VALUES (39, 'Observaciones', 'Text', 1);
INSERT INTO ValidacionImpactoClasificado (IdImpactoClasificado, Campo, TipoCampo, EsObligatorio) VALUES (39, 'FechaHoraInicio', 'Datetime', 1);
INSERT INTO ValidacionImpactoClasificado (IdImpactoClasificado, Campo, TipoCampo, EsObligatorio) VALUES (39, 'FechaHoraFin', 'Datetime', 1);
INSERT INTO ValidacionImpactoClasificado (IdImpactoClasificado, Campo, TipoCampo, EsObligatorio) VALUES (39, 'AlteracionInterrupcion', 'Checkbox', 1);
INSERT INTO ValidacionImpactoClasificado (IdImpactoClasificado, Campo, TipoCampo, EsObligatorio) VALUES (39, 'NumeroUsuarios', 'Text', 1);
INSERT INTO ValidacionImpactoClasificado (IdImpactoClasificado, Campo, TipoCampo, EsObligatorio) VALUES (39, 'NumeroServicios', 'Text', 1);
INSERT INTO ValidacionImpactoClasificado (IdImpactoClasificado, Campo, TipoCampo, EsObligatorio) VALUES (40, 'Nuclear', 'Checkbox', 1);
INSERT INTO ValidacionImpactoClasificado (IdImpactoClasificado, Campo, TipoCampo, EsObligatorio) VALUES (40, 'ValorAD', 'Text', 1);
INSERT INTO ValidacionImpactoClasificado (IdImpactoClasificado, Campo, TipoCampo, EsObligatorio) VALUES (40, 'Numero', 'Text', 1);
INSERT INTO ValidacionImpactoClasificado (IdImpactoClasificado, Campo, TipoCampo, EsObligatorio) VALUES (40, 'Observaciones', 'Text', 1);
INSERT INTO ValidacionImpactoClasificado (IdImpactoClasificado, Campo, TipoCampo, EsObligatorio) VALUES (40, 'FechaHoraInicio', 'Datetime', 1);
INSERT INTO ValidacionImpactoClasificado (IdImpactoClasificado, Campo, TipoCampo, EsObligatorio) VALUES (40, 'FechaHoraFin', 'Datetime', 1);
INSERT INTO ValidacionImpactoClasificado (IdImpactoClasificado, Campo, TipoCampo, EsObligatorio) VALUES (41, 'Nuclear', 'Checkbox', 1);
INSERT INTO ValidacionImpactoClasificado (IdImpactoClasificado, Campo, TipoCampo, EsObligatorio) VALUES (41, 'ValorAD', 'Text', 1);
INSERT INTO ValidacionImpactoClasificado (IdImpactoClasificado, Campo, TipoCampo, EsObligatorio) VALUES (41, 'Numero', 'Text', 1);
INSERT INTO ValidacionImpactoClasificado (IdImpactoClasificado, Campo, TipoCampo, EsObligatorio) VALUES (41, 'Observaciones', 'Text', 1);
INSERT INTO ValidacionImpactoClasificado (IdImpactoClasificado, Campo, TipoCampo, EsObligatorio) VALUES (41, 'FechaHoraInicio', 'Datetime', 1);
INSERT INTO ValidacionImpactoClasificado (IdImpactoClasificado, Campo, TipoCampo, EsObligatorio) VALUES (41, 'FechaHoraFin', 'Datetime', 1);
INSERT INTO ValidacionImpactoClasificado (IdImpactoClasificado, Campo, TipoCampo, EsObligatorio) VALUES (42, 'Nuclear', 'Checkbox', 1);
INSERT INTO ValidacionImpactoClasificado (IdImpactoClasificado, Campo, TipoCampo, EsObligatorio) VALUES (42, 'ValorAD', 'Text', 1);
INSERT INTO ValidacionImpactoClasificado (IdImpactoClasificado, Campo, TipoCampo, EsObligatorio) VALUES (42, 'Numero', 'Text', 1);
INSERT INTO ValidacionImpactoClasificado (IdImpactoClasificado, Campo, TipoCampo, EsObligatorio) VALUES (42, 'Observaciones', 'Text', 1);
INSERT INTO ValidacionImpactoClasificado (IdImpactoClasificado, Campo, TipoCampo, EsObligatorio) VALUES (42, 'FechaHoraInicio', 'Datetime', 1);
INSERT INTO ValidacionImpactoClasificado (IdImpactoClasificado, Campo, TipoCampo, EsObligatorio) VALUES (42, 'FechaHoraFin', 'Datetime', 1);
INSERT INTO ValidacionImpactoClasificado (IdImpactoClasificado, Campo, TipoCampo, EsObligatorio) VALUES (42, 'NumeroUsuarios', 'Text', 1);
INSERT INTO ValidacionImpactoClasificado (IdImpactoClasificado, Campo, TipoCampo, EsObligatorio) VALUES (43, 'Nuclear', 'Checkbox', 1);
INSERT INTO ValidacionImpactoClasificado (IdImpactoClasificado, Campo, TipoCampo, EsObligatorio) VALUES (43, 'ValorAD', 'Text', 1);
INSERT INTO ValidacionImpactoClasificado (IdImpactoClasificado, Campo, TipoCampo, EsObligatorio) VALUES (43, 'Numero', 'Text', 1);
INSERT INTO ValidacionImpactoClasificado (IdImpactoClasificado, Campo, TipoCampo, EsObligatorio) VALUES (43, 'Observaciones', 'Text', 1);
INSERT INTO ValidacionImpactoClasificado (IdImpactoClasificado, Campo, TipoCampo, EsObligatorio) VALUES (43, 'FechaHoraInicio', 'Datetime', 1);
INSERT INTO ValidacionImpactoClasificado (IdImpactoClasificado, Campo, TipoCampo, EsObligatorio) VALUES (43, 'FechaHoraFin', 'Datetime', 1);
INSERT INTO ValidacionImpactoClasificado (IdImpactoClasificado, Campo, TipoCampo, EsObligatorio) VALUES (43, 'NumeroUsuarios', 'Text', 1);
INSERT INTO ValidacionImpactoClasificado (IdImpactoClasificado, Campo, TipoCampo, EsObligatorio) VALUES (44, 'Nuclear', 'Checkbox', 1);
INSERT INTO ValidacionImpactoClasificado (IdImpactoClasificado, Campo, TipoCampo, EsObligatorio) VALUES (44, 'ValorAD', 'Text', 1);
INSERT INTO ValidacionImpactoClasificado (IdImpactoClasificado, Campo, TipoCampo, EsObligatorio) VALUES (44, 'Numero', 'Text', 1);
INSERT INTO ValidacionImpactoClasificado (IdImpactoClasificado, Campo, TipoCampo, EsObligatorio) VALUES (44, 'Observaciones', 'Text', 1);
INSERT INTO ValidacionImpactoClasificado (IdImpactoClasificado, Campo, TipoCampo, EsObligatorio) VALUES (44, 'FechaHoraInicio', 'Datetime', 1);
INSERT INTO ValidacionImpactoClasificado (IdImpactoClasificado, Campo, TipoCampo, EsObligatorio) VALUES (44, 'FechaHoraFin', 'Datetime', 1);
INSERT INTO ValidacionImpactoClasificado (IdImpactoClasificado, Campo, TipoCampo, EsObligatorio) VALUES (45, 'Nuclear', 'Checkbox', 1);
INSERT INTO ValidacionImpactoClasificado (IdImpactoClasificado, Campo, TipoCampo, EsObligatorio) VALUES (45, 'ValorAD', 'Text', 1);
INSERT INTO ValidacionImpactoClasificado (IdImpactoClasificado, Campo, TipoCampo, EsObligatorio) VALUES (45, 'Numero', 'Text', 1);
INSERT INTO ValidacionImpactoClasificado (IdImpactoClasificado, Campo, TipoCampo, EsObligatorio) VALUES (45, 'Observaciones', 'Text', 1);
INSERT INTO ValidacionImpactoClasificado (IdImpactoClasificado, Campo, TipoCampo, EsObligatorio) VALUES (45, 'FechaHoraInicio', 'Datetime', 1);
INSERT INTO ValidacionImpactoClasificado (IdImpactoClasificado, Campo, TipoCampo, EsObligatorio) VALUES (45, 'FechaHoraFin', 'Datetime', 1);
INSERT INTO ValidacionImpactoClasificado (IdImpactoClasificado, Campo, TipoCampo, EsObligatorio) VALUES (46, 'Nuclear', 'Checkbox', 1);
INSERT INTO ValidacionImpactoClasificado (IdImpactoClasificado, Campo, TipoCampo, EsObligatorio) VALUES (46, 'ValorAD', 'Text', 1);
INSERT INTO ValidacionImpactoClasificado (IdImpactoClasificado, Campo, TipoCampo, EsObligatorio) VALUES (46, 'Numero', 'Text', 1);
INSERT INTO ValidacionImpactoClasificado (IdImpactoClasificado, Campo, TipoCampo, EsObligatorio) VALUES (46, 'Observaciones', 'Text', 1);
INSERT INTO ValidacionImpactoClasificado (IdImpactoClasificado, Campo, TipoCampo, EsObligatorio) VALUES (46, 'FechaHora', 'Datetime', 1);
INSERT INTO ValidacionImpactoClasificado (IdImpactoClasificado, Campo, TipoCampo, EsObligatorio) VALUES (46, 'TipoDanio', 'Select', 1);
INSERT INTO ValidacionImpactoClasificado (IdImpactoClasificado, Campo, TipoCampo, EsObligatorio) VALUES (47, 'Nuclear', 'Checkbox', 1);
INSERT INTO ValidacionImpactoClasificado (IdImpactoClasificado, Campo, TipoCampo, EsObligatorio) VALUES (47, 'ValorAD', 'Text', 1);
INSERT INTO ValidacionImpactoClasificado (IdImpactoClasificado, Campo, TipoCampo, EsObligatorio) VALUES (47, 'Numero', 'Text', 1);
INSERT INTO ValidacionImpactoClasificado (IdImpactoClasificado, Campo, TipoCampo, EsObligatorio) VALUES (47, 'Observaciones', 'Text', 1);
INSERT INTO ValidacionImpactoClasificado (IdImpactoClasificado, Campo, TipoCampo, EsObligatorio) VALUES (47, 'FechaHora', 'Datetime', 1);
INSERT INTO ValidacionImpactoClasificado (IdImpactoClasificado, Campo, TipoCampo, EsObligatorio) VALUES (47, 'TipoDanio', 'Select', 1);
INSERT INTO ValidacionImpactoClasificado (IdImpactoClasificado, Campo, TipoCampo, EsObligatorio) VALUES (48, 'Nuclear', 'Checkbox', 1);
INSERT INTO ValidacionImpactoClasificado (IdImpactoClasificado, Campo, TipoCampo, EsObligatorio) VALUES (48, 'ValorAD', 'Text', 1);
INSERT INTO ValidacionImpactoClasificado (IdImpactoClasificado, Campo, TipoCampo, EsObligatorio) VALUES (48, 'Numero', 'Text', 1);
INSERT INTO ValidacionImpactoClasificado (IdImpactoClasificado, Campo, TipoCampo, EsObligatorio) VALUES (48, 'Observaciones', 'Text', 1);
INSERT INTO ValidacionImpactoClasificado (IdImpactoClasificado, Campo, TipoCampo, EsObligatorio) VALUES (48, 'FechaHora', 'Datetime', 1);
INSERT INTO ValidacionImpactoClasificado (IdImpactoClasificado, Campo, TipoCampo, EsObligatorio) VALUES (48, 'TipoDanio', 'Select', 1);
INSERT INTO ValidacionImpactoClasificado (IdImpactoClasificado, Campo, TipoCampo, EsObligatorio) VALUES (49, 'Nuclear', 'Checkbox', 1);
INSERT INTO ValidacionImpactoClasificado (IdImpactoClasificado, Campo, TipoCampo, EsObligatorio) VALUES (49, 'ValorAD', 'Text', 1);
INSERT INTO ValidacionImpactoClasificado (IdImpactoClasificado, Campo, TipoCampo, EsObligatorio) VALUES (49, 'Numero', 'Text', 1);
INSERT INTO ValidacionImpactoClasificado (IdImpactoClasificado, Campo, TipoCampo, EsObligatorio) VALUES (49, 'Observaciones', 'Text', 1);
INSERT INTO ValidacionImpactoClasificado (IdImpactoClasificado, Campo, TipoCampo, EsObligatorio) VALUES (49, 'FechaHora', 'Datetime', 1);
INSERT INTO ValidacionImpactoClasificado (IdImpactoClasificado, Campo, TipoCampo, EsObligatorio) VALUES (49, 'TipoDanio', 'Select', 1);
INSERT INTO ValidacionImpactoClasificado (IdImpactoClasificado, Campo, TipoCampo, EsObligatorio) VALUES (50, 'Nuclear', 'Checkbox', 1);
INSERT INTO ValidacionImpactoClasificado (IdImpactoClasificado, Campo, TipoCampo, EsObligatorio) VALUES (50, 'ValorAD', 'Text', 1);
INSERT INTO ValidacionImpactoClasificado (IdImpactoClasificado, Campo, TipoCampo, EsObligatorio) VALUES (50, 'Numero', 'Text', 1);
INSERT INTO ValidacionImpactoClasificado (IdImpactoClasificado, Campo, TipoCampo, EsObligatorio) VALUES (50, 'Observaciones', 'Text', 1);
INSERT INTO ValidacionImpactoClasificado (IdImpactoClasificado, Campo, TipoCampo, EsObligatorio) VALUES (50, 'FechaHora', 'Datetime', 1);
INSERT INTO ValidacionImpactoClasificado (IdImpactoClasificado, Campo, TipoCampo, EsObligatorio) VALUES (50, 'TipoDanio', 'Select', 1);
INSERT INTO ValidacionImpactoClasificado (IdImpactoClasificado, Campo, TipoCampo, EsObligatorio) VALUES (51, 'Nuclear', 'Checkbox', 1);
INSERT INTO ValidacionImpactoClasificado (IdImpactoClasificado, Campo, TipoCampo, EsObligatorio) VALUES (51, 'ValorAD', 'Text', 1);
INSERT INTO ValidacionImpactoClasificado (IdImpactoClasificado, Campo, TipoCampo, EsObligatorio) VALUES (51, 'Numero', 'Text', 1);
INSERT INTO ValidacionImpactoClasificado (IdImpactoClasificado, Campo, TipoCampo, EsObligatorio) VALUES (51, 'Observaciones', 'Text', 1);
INSERT INTO ValidacionImpactoClasificado (IdImpactoClasificado, Campo, TipoCampo, EsObligatorio) VALUES (51, 'FechaHora', 'Datetime', 1);
INSERT INTO ValidacionImpactoClasificado (IdImpactoClasificado, Campo, TipoCampo, EsObligatorio) VALUES (51, 'TipoDanio', 'Select', 1);
INSERT INTO ValidacionImpactoClasificado (IdImpactoClasificado, Campo, TipoCampo, EsObligatorio) VALUES (52, 'Nuclear', 'Checkbox', 1);
INSERT INTO ValidacionImpactoClasificado (IdImpactoClasificado, Campo, TipoCampo, EsObligatorio) VALUES (52, 'ValorAD', 'Text', 1);
INSERT INTO ValidacionImpactoClasificado (IdImpactoClasificado, Campo, TipoCampo, EsObligatorio) VALUES (52, 'Numero', 'Text', 1);
INSERT INTO ValidacionImpactoClasificado (IdImpactoClasificado, Campo, TipoCampo, EsObligatorio) VALUES (52, 'Observaciones', 'Text', 1);
INSERT INTO ValidacionImpactoClasificado (IdImpactoClasificado, Campo, TipoCampo, EsObligatorio) VALUES (52, 'FechaHoraInicio', 'Datetime', 1);
INSERT INTO ValidacionImpactoClasificado (IdImpactoClasificado, Campo, TipoCampo, EsObligatorio) VALUES (52, 'FechaHoraFin', 'Datetime', 1);
INSERT INTO ValidacionImpactoClasificado (IdImpactoClasificado, Campo, TipoCampo, EsObligatorio) VALUES (53, 'Nuclear', 'Checkbox', 1);
INSERT INTO ValidacionImpactoClasificado (IdImpactoClasificado, Campo, TipoCampo, EsObligatorio) VALUES (53, 'ValorAD', 'Text', 1);
INSERT INTO ValidacionImpactoClasificado (IdImpactoClasificado, Campo, TipoCampo, EsObligatorio) VALUES (53, 'Numero', 'Text', 1);
INSERT INTO ValidacionImpactoClasificado (IdImpactoClasificado, Campo, TipoCampo, EsObligatorio) VALUES (53, 'Observaciones', 'Text', 1);
INSERT INTO ValidacionImpactoClasificado (IdImpactoClasificado, Campo, TipoCampo, EsObligatorio) VALUES (53, 'FechaHora', 'Datetime', 1);
INSERT INTO ValidacionImpactoClasificado (IdImpactoClasificado, Campo, TipoCampo, EsObligatorio) VALUES (53, 'TipoDanio', 'Select', 1);
INSERT INTO ValidacionImpactoClasificado (IdImpactoClasificado, Campo, TipoCampo, EsObligatorio) VALUES (54, 'Nuclear', 'Checkbox', 1);
INSERT INTO ValidacionImpactoClasificado (IdImpactoClasificado, Campo, TipoCampo, EsObligatorio) VALUES (54, 'ValorAD', 'Text', 1);
INSERT INTO ValidacionImpactoClasificado (IdImpactoClasificado, Campo, TipoCampo, EsObligatorio) VALUES (54, 'Numero', 'Text', 1);
INSERT INTO ValidacionImpactoClasificado (IdImpactoClasificado, Campo, TipoCampo, EsObligatorio) VALUES (54, 'Observaciones', 'Text', 1);
INSERT INTO ValidacionImpactoClasificado (IdImpactoClasificado, Campo, TipoCampo, EsObligatorio) VALUES (54, 'FechaHora', 'Datetime', 1);
INSERT INTO ValidacionImpactoClasificado (IdImpactoClasificado, Campo, TipoCampo, EsObligatorio) VALUES (54, 'TipoDanio', 'Select', 1);
INSERT INTO ValidacionImpactoClasificado (IdImpactoClasificado, Campo, TipoCampo, EsObligatorio) VALUES (55, 'Nuclear', 'Checkbox', 1);
INSERT INTO ValidacionImpactoClasificado (IdImpactoClasificado, Campo, TipoCampo, EsObligatorio) VALUES (55, 'ValorAD', 'Text', 1);
INSERT INTO ValidacionImpactoClasificado (IdImpactoClasificado, Campo, TipoCampo, EsObligatorio) VALUES (55, 'Numero', 'Text', 1);
INSERT INTO ValidacionImpactoClasificado (IdImpactoClasificado, Campo, TipoCampo, EsObligatorio) VALUES (55, 'Observaciones', 'Text', 1);
INSERT INTO ValidacionImpactoClasificado (IdImpactoClasificado, Campo, TipoCampo, EsObligatorio) VALUES (55, 'FechaHora', 'Datetime', 1);
INSERT INTO ValidacionImpactoClasificado (IdImpactoClasificado, Campo, TipoCampo, EsObligatorio) VALUES (55, 'TipoDanio', 'Select', 1);
INSERT INTO ValidacionImpactoClasificado (IdImpactoClasificado, Campo, TipoCampo, EsObligatorio) VALUES (56, 'Nuclear', 'Checkbox', 1);
INSERT INTO ValidacionImpactoClasificado (IdImpactoClasificado, Campo, TipoCampo, EsObligatorio) VALUES (56, 'ValorAD', 'Text', 1);
INSERT INTO ValidacionImpactoClasificado (IdImpactoClasificado, Campo, TipoCampo, EsObligatorio) VALUES (56, 'Numero', 'Text', 1);
INSERT INTO ValidacionImpactoClasificado (IdImpactoClasificado, Campo, TipoCampo, EsObligatorio) VALUES (56, 'Observaciones', 'Text', 1);
INSERT INTO ValidacionImpactoClasificado (IdImpactoClasificado, Campo, TipoCampo, EsObligatorio) VALUES (56, 'FechaHora', 'Datetime', 1);
INSERT INTO ValidacionImpactoClasificado (IdImpactoClasificado, Campo, TipoCampo, EsObligatorio) VALUES (56, 'TipoDanio', 'Select', 1);
INSERT INTO ValidacionImpactoClasificado (IdImpactoClasificado, Campo, TipoCampo, EsObligatorio) VALUES (57, 'Nuclear', 'Checkbox', 1);
INSERT INTO ValidacionImpactoClasificado (IdImpactoClasificado, Campo, TipoCampo, EsObligatorio) VALUES (57, 'ValorAD', 'Text', 1);
INSERT INTO ValidacionImpactoClasificado (IdImpactoClasificado, Campo, TipoCampo, EsObligatorio) VALUES (57, 'Numero', 'Text', 1);
INSERT INTO ValidacionImpactoClasificado (IdImpactoClasificado, Campo, TipoCampo, EsObligatorio) VALUES (57, 'Observaciones', 'Text', 1);
INSERT INTO ValidacionImpactoClasificado (IdImpactoClasificado, Campo, TipoCampo, EsObligatorio) VALUES (57, 'FechaHora', 'Datetime', 1);
INSERT INTO ValidacionImpactoClasificado (IdImpactoClasificado, Campo, TipoCampo, EsObligatorio) VALUES (57, 'TipoDanio', 'Select', 1);
INSERT INTO ValidacionImpactoClasificado (IdImpactoClasificado, Campo, TipoCampo, EsObligatorio) VALUES (58, 'Nuclear', 'Checkbox', 1);
INSERT INTO ValidacionImpactoClasificado (IdImpactoClasificado, Campo, TipoCampo, EsObligatorio) VALUES (58, 'ValorAD', 'Text', 1);
INSERT INTO ValidacionImpactoClasificado (IdImpactoClasificado, Campo, TipoCampo, EsObligatorio) VALUES (58, 'Numero', 'Text', 1);
INSERT INTO ValidacionImpactoClasificado (IdImpactoClasificado, Campo, TipoCampo, EsObligatorio) VALUES (58, 'Observaciones', 'Text', 1);
INSERT INTO ValidacionImpactoClasificado (IdImpactoClasificado, Campo, TipoCampo, EsObligatorio) VALUES (58, 'FechaHora', 'Datetime', 1);
INSERT INTO ValidacionImpactoClasificado (IdImpactoClasificado, Campo, TipoCampo, EsObligatorio) VALUES (58, 'TipoDanio', 'Select', 1);
INSERT INTO ValidacionImpactoClasificado (IdImpactoClasificado, Campo, TipoCampo, EsObligatorio) VALUES (59, 'Nuclear', 'Checkbox', 1);
INSERT INTO ValidacionImpactoClasificado (IdImpactoClasificado, Campo, TipoCampo, EsObligatorio) VALUES (59, 'ValorAD', 'Text', 1);
INSERT INTO ValidacionImpactoClasificado (IdImpactoClasificado, Campo, TipoCampo, EsObligatorio) VALUES (59, 'Numero', 'Text', 1);
INSERT INTO ValidacionImpactoClasificado (IdImpactoClasificado, Campo, TipoCampo, EsObligatorio) VALUES (59, 'Observaciones', 'Text', 1);
INSERT INTO ValidacionImpactoClasificado (IdImpactoClasificado, Campo, TipoCampo, EsObligatorio) VALUES (59, 'FechaHora', 'Datetime', 1);
INSERT INTO ValidacionImpactoClasificado (IdImpactoClasificado, Campo, TipoCampo, EsObligatorio) VALUES (59, 'TipoDanio', 'Select', 1);
INSERT INTO ValidacionImpactoClasificado (IdImpactoClasificado, Campo, TipoCampo, EsObligatorio) VALUES (60, 'Nuclear', 'Checkbox', 1);
INSERT INTO ValidacionImpactoClasificado (IdImpactoClasificado, Campo, TipoCampo, EsObligatorio) VALUES (60, 'ValorAD', 'Text', 1);
INSERT INTO ValidacionImpactoClasificado (IdImpactoClasificado, Campo, TipoCampo, EsObligatorio) VALUES (60, 'Numero', 'Text', 1);
INSERT INTO ValidacionImpactoClasificado (IdImpactoClasificado, Campo, TipoCampo, EsObligatorio) VALUES (60, 'Observaciones', 'Text', 1);
INSERT INTO ValidacionImpactoClasificado (IdImpactoClasificado, Campo, TipoCampo, EsObligatorio) VALUES (60, 'FechaHora', 'Datetime', 1);
INSERT INTO ValidacionImpactoClasificado (IdImpactoClasificado, Campo, TipoCampo, EsObligatorio) VALUES (60, 'TipoDanio', 'Select', 1);
INSERT INTO ValidacionImpactoClasificado (IdImpactoClasificado, Campo, TipoCampo, EsObligatorio) VALUES (61, 'Nuclear', 'Checkbox', 1);
INSERT INTO ValidacionImpactoClasificado (IdImpactoClasificado, Campo, TipoCampo, EsObligatorio) VALUES (61, 'ValorAD', 'Text', 1);
INSERT INTO ValidacionImpactoClasificado (IdImpactoClasificado, Campo, TipoCampo, EsObligatorio) VALUES (61, 'Numero', 'Text', 1);
INSERT INTO ValidacionImpactoClasificado (IdImpactoClasificado, Campo, TipoCampo, EsObligatorio) VALUES (61, 'Observaciones', 'Text', 1);
INSERT INTO ValidacionImpactoClasificado (IdImpactoClasificado, Campo, TipoCampo, EsObligatorio) VALUES (61, 'FechaHora', 'Datetime', 1);
INSERT INTO ValidacionImpactoClasificado (IdImpactoClasificado, Campo, TipoCampo, EsObligatorio) VALUES (61, 'TipoDanio', 'Select', 1);
INSERT INTO ValidacionImpactoClasificado (IdImpactoClasificado, Campo, TipoCampo, EsObligatorio) VALUES (62, 'Nuclear', 'Checkbox', 1);
INSERT INTO ValidacionImpactoClasificado (IdImpactoClasificado, Campo, TipoCampo, EsObligatorio) VALUES (62, 'ValorAD', 'Text', 1);
INSERT INTO ValidacionImpactoClasificado (IdImpactoClasificado, Campo, TipoCampo, EsObligatorio) VALUES (62, 'Numero', 'Text', 1);
INSERT INTO ValidacionImpactoClasificado (IdImpactoClasificado, Campo, TipoCampo, EsObligatorio) VALUES (62, 'Observaciones', 'Text', 1);
INSERT INTO ValidacionImpactoClasificado (IdImpactoClasificado, Campo, TipoCampo, EsObligatorio) VALUES (62, 'FechaHora', 'Datetime', 1);
INSERT INTO ValidacionImpactoClasificado (IdImpactoClasificado, Campo, TipoCampo, EsObligatorio) VALUES (62, 'TipoDanio', 'Select', 1);
INSERT INTO ValidacionImpactoClasificado (IdImpactoClasificado, Campo, TipoCampo, EsObligatorio) VALUES (63, 'Nuclear', 'Checkbox', 1);
INSERT INTO ValidacionImpactoClasificado (IdImpactoClasificado, Campo, TipoCampo, EsObligatorio) VALUES (63, 'ValorAD', 'Text', 1);
INSERT INTO ValidacionImpactoClasificado (IdImpactoClasificado, Campo, TipoCampo, EsObligatorio) VALUES (63, 'Numero', 'Text', 1);
INSERT INTO ValidacionImpactoClasificado (IdImpactoClasificado, Campo, TipoCampo, EsObligatorio) VALUES (63, 'Observaciones', 'Text', 1);
INSERT INTO ValidacionImpactoClasificado (IdImpactoClasificado, Campo, TipoCampo, EsObligatorio) VALUES (63, 'FechaHora', 'Datetime', 1);
INSERT INTO ValidacionImpactoClasificado (IdImpactoClasificado, Campo, TipoCampo, EsObligatorio) VALUES (63, 'TipoDanio', 'Select', 1);
INSERT INTO ValidacionImpactoClasificado (IdImpactoClasificado, Campo, TipoCampo, EsObligatorio) VALUES (64, 'Nuclear', 'Checkbox', 1);
INSERT INTO ValidacionImpactoClasificado (IdImpactoClasificado, Campo, TipoCampo, EsObligatorio) VALUES (64, 'ValorAD', 'Text', 1);
INSERT INTO ValidacionImpactoClasificado (IdImpactoClasificado, Campo, TipoCampo, EsObligatorio) VALUES (64, 'Numero', 'Text', 1);
INSERT INTO ValidacionImpactoClasificado (IdImpactoClasificado, Campo, TipoCampo, EsObligatorio) VALUES (64, 'Observaciones', 'Text', 1);
INSERT INTO ValidacionImpactoClasificado (IdImpactoClasificado, Campo, TipoCampo, EsObligatorio) VALUES (64, 'FechaHora', 'Datetime', 1);
INSERT INTO ValidacionImpactoClasificado (IdImpactoClasificado, Campo, TipoCampo, EsObligatorio) VALUES (64, 'TipoDanio', 'Select', 1);
INSERT INTO ValidacionImpactoClasificado (IdImpactoClasificado, Campo, TipoCampo, EsObligatorio) VALUES (65, 'Nuclear', 'Checkbox', 1);
INSERT INTO ValidacionImpactoClasificado (IdImpactoClasificado, Campo, TipoCampo, EsObligatorio) VALUES (65, 'ValorAD', 'Text', 1);
INSERT INTO ValidacionImpactoClasificado (IdImpactoClasificado, Campo, TipoCampo, EsObligatorio) VALUES (65, 'Numero', 'Text', 1);
INSERT INTO ValidacionImpactoClasificado (IdImpactoClasificado, Campo, TipoCampo, EsObligatorio) VALUES (65, 'Observaciones', 'Text', 1);
INSERT INTO ValidacionImpactoClasificado (IdImpactoClasificado, Campo, TipoCampo, EsObligatorio) VALUES (65, 'FechaHora', 'Datetime', 1);
INSERT INTO ValidacionImpactoClasificado (IdImpactoClasificado, Campo, TipoCampo, EsObligatorio) VALUES (65, 'TipoDanio', 'Select', 1);
INSERT INTO ValidacionImpactoClasificado (IdImpactoClasificado, Campo, TipoCampo, EsObligatorio) VALUES (66, 'Nuclear', 'Checkbox', 1);
INSERT INTO ValidacionImpactoClasificado (IdImpactoClasificado, Campo, TipoCampo, EsObligatorio) VALUES (66, 'ValorAD', 'Text', 1);
INSERT INTO ValidacionImpactoClasificado (IdImpactoClasificado, Campo, TipoCampo, EsObligatorio) VALUES (66, 'Numero', 'Text', 1);
INSERT INTO ValidacionImpactoClasificado (IdImpactoClasificado, Campo, TipoCampo, EsObligatorio) VALUES (66, 'Observaciones', 'Text', 1);
INSERT INTO ValidacionImpactoClasificado (IdImpactoClasificado, Campo, TipoCampo, EsObligatorio) VALUES (66, 'FechaHora', 'Datetime', 1);
INSERT INTO ValidacionImpactoClasificado (IdImpactoClasificado, Campo, TipoCampo, EsObligatorio) VALUES (66, 'TipoDanio', 'Select', 1);
INSERT INTO ValidacionImpactoClasificado (IdImpactoClasificado, Campo, TipoCampo, EsObligatorio) VALUES (67, 'Nuclear', 'Checkbox', 1);
INSERT INTO ValidacionImpactoClasificado (IdImpactoClasificado, Campo, TipoCampo, EsObligatorio) VALUES (67, 'ValorAD', 'Text', 1);
INSERT INTO ValidacionImpactoClasificado (IdImpactoClasificado, Campo, TipoCampo, EsObligatorio) VALUES (67, 'Numero', 'Text', 1);
INSERT INTO ValidacionImpactoClasificado (IdImpactoClasificado, Campo, TipoCampo, EsObligatorio) VALUES (67, 'Observaciones', 'Text', 1);
INSERT INTO ValidacionImpactoClasificado (IdImpactoClasificado, Campo, TipoCampo, EsObligatorio) VALUES (67, 'FechaHora', 'Datetime', 1);
INSERT INTO ValidacionImpactoClasificado (IdImpactoClasificado, Campo, TipoCampo, EsObligatorio) VALUES (67, 'TipoDanio', 'Select', 1);
INSERT INTO ValidacionImpactoClasificado (IdImpactoClasificado, Campo, TipoCampo, EsObligatorio) VALUES (68, 'Nuclear', 'Checkbox', 1);
INSERT INTO ValidacionImpactoClasificado (IdImpactoClasificado, Campo, TipoCampo, EsObligatorio) VALUES (68, 'ValorAD', 'Text', 1);
INSERT INTO ValidacionImpactoClasificado (IdImpactoClasificado, Campo, TipoCampo, EsObligatorio) VALUES (68, 'Numero', 'Text', 1);
INSERT INTO ValidacionImpactoClasificado (IdImpactoClasificado, Campo, TipoCampo, EsObligatorio) VALUES (68, 'Observaciones', 'Text', 1);
INSERT INTO ValidacionImpactoClasificado (IdImpactoClasificado, Campo, TipoCampo, EsObligatorio) VALUES (68, 'FechaHora', 'Datetime', 1);
INSERT INTO ValidacionImpactoClasificado (IdImpactoClasificado, Campo, TipoCampo, EsObligatorio) VALUES (68, 'TipoDanio', 'Select', 1);
INSERT INTO ValidacionImpactoClasificado (IdImpactoClasificado, Campo, TipoCampo, EsObligatorio) VALUES (69, 'Nuclear', 'Checkbox', 1);
INSERT INTO ValidacionImpactoClasificado (IdImpactoClasificado, Campo, TipoCampo, EsObligatorio) VALUES (69, 'ValorAD', 'Text', 1);
INSERT INTO ValidacionImpactoClasificado (IdImpactoClasificado, Campo, TipoCampo, EsObligatorio) VALUES (69, 'Numero', 'Text', 1);
INSERT INTO ValidacionImpactoClasificado (IdImpactoClasificado, Campo, TipoCampo, EsObligatorio) VALUES (69, 'Observaciones', 'Text', 1);
INSERT INTO ValidacionImpactoClasificado (IdImpactoClasificado, Campo, TipoCampo, EsObligatorio) VALUES (69, 'FechaHora', 'Datetime', 1);
INSERT INTO ValidacionImpactoClasificado (IdImpactoClasificado, Campo, TipoCampo, EsObligatorio) VALUES (69, 'TipoDanio', 'Select', 1);
INSERT INTO ValidacionImpactoClasificado (IdImpactoClasificado, Campo, TipoCampo, EsObligatorio) VALUES (70, 'Nuclear', 'Checkbox', 1);
INSERT INTO ValidacionImpactoClasificado (IdImpactoClasificado, Campo, TipoCampo, EsObligatorio) VALUES (70, 'ValorAD', 'Text', 1);
INSERT INTO ValidacionImpactoClasificado (IdImpactoClasificado, Campo, TipoCampo, EsObligatorio) VALUES (70, 'Numero', 'Text', 1);
INSERT INTO ValidacionImpactoClasificado (IdImpactoClasificado, Campo, TipoCampo, EsObligatorio) VALUES (70, 'Observaciones', 'Text', 1);
INSERT INTO ValidacionImpactoClasificado (IdImpactoClasificado, Campo, TipoCampo, EsObligatorio) VALUES (70, 'FechaHora', 'Datetime', 1);
INSERT INTO ValidacionImpactoClasificado (IdImpactoClasificado, Campo, TipoCampo, EsObligatorio) VALUES (70, 'TipoDanio', 'Select', 1);
INSERT INTO ValidacionImpactoClasificado (IdImpactoClasificado, Campo, TipoCampo, EsObligatorio) VALUES (71, 'Nuclear', 'Checkbox', 1);
INSERT INTO ValidacionImpactoClasificado (IdImpactoClasificado, Campo, TipoCampo, EsObligatorio) VALUES (71, 'ValorAD', 'Text', 1);
INSERT INTO ValidacionImpactoClasificado (IdImpactoClasificado, Campo, TipoCampo, EsObligatorio) VALUES (71, 'Numero', 'Text', 1);
INSERT INTO ValidacionImpactoClasificado (IdImpactoClasificado, Campo, TipoCampo, EsObligatorio) VALUES (71, 'Observaciones', 'Text', 1);
INSERT INTO ValidacionImpactoClasificado (IdImpactoClasificado, Campo, TipoCampo, EsObligatorio) VALUES (71, 'FechaHora', 'Datetime', 1);
INSERT INTO ValidacionImpactoClasificado (IdImpactoClasificado, Campo, TipoCampo, EsObligatorio) VALUES (71, 'TipoDanio', 'Select', 1);
INSERT INTO ValidacionImpactoClasificado (IdImpactoClasificado, Campo, TipoCampo, EsObligatorio) VALUES (72, 'Nuclear', 'Checkbox', 1);
INSERT INTO ValidacionImpactoClasificado (IdImpactoClasificado, Campo, TipoCampo, EsObligatorio) VALUES (72, 'ValorAD', 'Text', 1);
INSERT INTO ValidacionImpactoClasificado (IdImpactoClasificado, Campo, TipoCampo, EsObligatorio) VALUES (72, 'Numero', 'Text', 1);
INSERT INTO ValidacionImpactoClasificado (IdImpactoClasificado, Campo, TipoCampo, EsObligatorio) VALUES (72, 'Observaciones', 'Text', 1);
INSERT INTO ValidacionImpactoClasificado (IdImpactoClasificado, Campo, TipoCampo, EsObligatorio) VALUES (72, 'FechaHora', 'Datetime', 1);
INSERT INTO ValidacionImpactoClasificado (IdImpactoClasificado, Campo, TipoCampo, EsObligatorio) VALUES (72, 'TipoDanio', 'Select', 1);
INSERT INTO ValidacionImpactoClasificado (IdImpactoClasificado, Campo, TipoCampo, EsObligatorio) VALUES (73, 'Nuclear', 'Checkbox', 1);
INSERT INTO ValidacionImpactoClasificado (IdImpactoClasificado, Campo, TipoCampo, EsObligatorio) VALUES (73, 'ValorAD', 'Text', 1);
INSERT INTO ValidacionImpactoClasificado (IdImpactoClasificado, Campo, TipoCampo, EsObligatorio) VALUES (73, 'Numero', 'Text', 1);
INSERT INTO ValidacionImpactoClasificado (IdImpactoClasificado, Campo, TipoCampo, EsObligatorio) VALUES (73, 'Observaciones', 'Text', 1);
INSERT INTO ValidacionImpactoClasificado (IdImpactoClasificado, Campo, TipoCampo, EsObligatorio) VALUES (73, 'FechaHora', 'Datetime', 1);
INSERT INTO ValidacionImpactoClasificado (IdImpactoClasificado, Campo, TipoCampo, EsObligatorio) VALUES (74, 'Nuclear', 'Checkbox', 1);
INSERT INTO ValidacionImpactoClasificado (IdImpactoClasificado, Campo, TipoCampo, EsObligatorio) VALUES (74, 'ValorAD', 'Text', 1);
INSERT INTO ValidacionImpactoClasificado (IdImpactoClasificado, Campo, TipoCampo, EsObligatorio) VALUES (74, 'Numero', 'Text', 1);
INSERT INTO ValidacionImpactoClasificado (IdImpactoClasificado, Campo, TipoCampo, EsObligatorio) VALUES (74, 'Observaciones', 'Text', 1);
INSERT INTO ValidacionImpactoClasificado (IdImpactoClasificado, Campo, TipoCampo, EsObligatorio) VALUES (74, 'FechaHora', 'Datetime', 1);
INSERT INTO ValidacionImpactoClasificado (IdImpactoClasificado, Campo, TipoCampo, EsObligatorio) VALUES (75, 'Nuclear', 'Checkbox', 1);
INSERT INTO ValidacionImpactoClasificado (IdImpactoClasificado, Campo, TipoCampo, EsObligatorio) VALUES (75, 'ValorAD', 'Text', 1);
INSERT INTO ValidacionImpactoClasificado (IdImpactoClasificado, Campo, TipoCampo, EsObligatorio) VALUES (75, 'Numero', 'Text', 1);
INSERT INTO ValidacionImpactoClasificado (IdImpactoClasificado, Campo, TipoCampo, EsObligatorio) VALUES (75, 'Observaciones', 'Text', 1);
INSERT INTO ValidacionImpactoClasificado (IdImpactoClasificado, Campo, TipoCampo, EsObligatorio) VALUES (75, 'FechaHora', 'Datetime', 1);
INSERT INTO ValidacionImpactoClasificado (IdImpactoClasificado, Campo, TipoCampo, EsObligatorio) VALUES (76, 'Nuclear', 'Checkbox', 1);
INSERT INTO ValidacionImpactoClasificado (IdImpactoClasificado, Campo, TipoCampo, EsObligatorio) VALUES (76, 'ValorAD', 'Text', 1);
INSERT INTO ValidacionImpactoClasificado (IdImpactoClasificado, Campo, TipoCampo, EsObligatorio) VALUES (76, 'Numero', 'Text', 1);
INSERT INTO ValidacionImpactoClasificado (IdImpactoClasificado, Campo, TipoCampo, EsObligatorio) VALUES (76, 'Observaciones', 'Text', 1);
INSERT INTO ValidacionImpactoClasificado (IdImpactoClasificado, Campo, TipoCampo, EsObligatorio) VALUES (76, 'FechaHoraInicio', 'Datetime', 1);
INSERT INTO ValidacionImpactoClasificado (IdImpactoClasificado, Campo, TipoCampo, EsObligatorio) VALUES (76, 'FechaHoraFin', 'Datetime', 1);
INSERT INTO ValidacionImpactoClasificado (IdImpactoClasificado, Campo, TipoCampo, EsObligatorio) VALUES (77, 'Nuclear', 'Checkbox', 1);
INSERT INTO ValidacionImpactoClasificado (IdImpactoClasificado, Campo, TipoCampo, EsObligatorio) VALUES (77, 'ValorAD', 'Text', 1);
INSERT INTO ValidacionImpactoClasificado (IdImpactoClasificado, Campo, TipoCampo, EsObligatorio) VALUES (77, 'Numero', 'Text', 1);
INSERT INTO ValidacionImpactoClasificado (IdImpactoClasificado, Campo, TipoCampo, EsObligatorio) VALUES (77, 'Observaciones', 'Text', 1);
INSERT INTO ValidacionImpactoClasificado (IdImpactoClasificado, Campo, TipoCampo, EsObligatorio) VALUES (77, 'FechaHoraInicio', 'Datetime', 1);
INSERT INTO ValidacionImpactoClasificado (IdImpactoClasificado, Campo, TipoCampo, EsObligatorio) VALUES (77, 'FechaHoraFin', 'Datetime', 1);
INSERT INTO ValidacionImpactoClasificado (IdImpactoClasificado, Campo, TipoCampo, EsObligatorio) VALUES (78, 'Nuclear', 'Checkbox', 1);
INSERT INTO ValidacionImpactoClasificado (IdImpactoClasificado, Campo, TipoCampo, EsObligatorio) VALUES (78, 'ValorAD', 'Text', 1);
INSERT INTO ValidacionImpactoClasificado (IdImpactoClasificado, Campo, TipoCampo, EsObligatorio) VALUES (78, 'Numero', 'Text', 1);
INSERT INTO ValidacionImpactoClasificado (IdImpactoClasificado, Campo, TipoCampo, EsObligatorio) VALUES (78, 'Observaciones', 'Text', 1);
INSERT INTO ValidacionImpactoClasificado (IdImpactoClasificado, Campo, TipoCampo, EsObligatorio) VALUES (78, 'FechaHoraInicio', 'Datetime', 1);
INSERT INTO ValidacionImpactoClasificado (IdImpactoClasificado, Campo, TipoCampo, EsObligatorio) VALUES (78, 'FechaHoraFin', 'Datetime', 1);
INSERT INTO ValidacionImpactoClasificado (IdImpactoClasificado, Campo, TipoCampo, EsObligatorio) VALUES (79, 'Nuclear', 'Checkbox', 1);
INSERT INTO ValidacionImpactoClasificado (IdImpactoClasificado, Campo, TipoCampo, EsObligatorio) VALUES (79, 'ValorAD', 'Text', 1);
INSERT INTO ValidacionImpactoClasificado (IdImpactoClasificado, Campo, TipoCampo, EsObligatorio) VALUES (79, 'Numero', 'Text', 1);
INSERT INTO ValidacionImpactoClasificado (IdImpactoClasificado, Campo, TipoCampo, EsObligatorio) VALUES (79, 'Observaciones', 'Text', 1);
INSERT INTO ValidacionImpactoClasificado (IdImpactoClasificado, Campo, TipoCampo, EsObligatorio) VALUES (79, 'FechaHoraInicio', 'Datetime', 1);
INSERT INTO ValidacionImpactoClasificado (IdImpactoClasificado, Campo, TipoCampo, EsObligatorio) VALUES (79, 'FechaHoraFin', 'Datetime', 1);
INSERT INTO ValidacionImpactoClasificado (IdImpactoClasificado, Campo, TipoCampo, EsObligatorio) VALUES (80, 'Nuclear', 'Checkbox', 1);
INSERT INTO ValidacionImpactoClasificado (IdImpactoClasificado, Campo, TipoCampo, EsObligatorio) VALUES (80, 'ValorAD', 'Text', 1);
INSERT INTO ValidacionImpactoClasificado (IdImpactoClasificado, Campo, TipoCampo, EsObligatorio) VALUES (80, 'Numero', 'Text', 1);
INSERT INTO ValidacionImpactoClasificado (IdImpactoClasificado, Campo, TipoCampo, EsObligatorio) VALUES (80, 'Observaciones', 'Text', 1);
INSERT INTO ValidacionImpactoClasificado (IdImpactoClasificado, Campo, TipoCampo, EsObligatorio) VALUES (80, 'FechaHoraInicio', 'Datetime', 1);
INSERT INTO ValidacionImpactoClasificado (IdImpactoClasificado, Campo, TipoCampo, EsObligatorio) VALUES (80, 'FechaHoraFin', 'Datetime', 1);
INSERT INTO ValidacionImpactoClasificado (IdImpactoClasificado, Campo, TipoCampo, EsObligatorio) VALUES (81, 'Nuclear', 'Checkbox', 1);
INSERT INTO ValidacionImpactoClasificado (IdImpactoClasificado, Campo, TipoCampo, EsObligatorio) VALUES (81, 'ValorAD', 'Text', 1);
INSERT INTO ValidacionImpactoClasificado (IdImpactoClasificado, Campo, TipoCampo, EsObligatorio) VALUES (81, 'Numero', 'Text', 1);
INSERT INTO ValidacionImpactoClasificado (IdImpactoClasificado, Campo, TipoCampo, EsObligatorio) VALUES (81, 'Observaciones', 'Text', 1);
INSERT INTO ValidacionImpactoClasificado (IdImpactoClasificado, Campo, TipoCampo, EsObligatorio) VALUES (81, 'FechaHora', 'Datetime', 1);
INSERT INTO ValidacionImpactoClasificado (IdImpactoClasificado, Campo, TipoCampo, EsObligatorio) VALUES (82, 'Nuclear', 'Checkbox', 1);
INSERT INTO ValidacionImpactoClasificado (IdImpactoClasificado, Campo, TipoCampo, EsObligatorio) VALUES (82, 'ValorAD', 'Text', 1);
INSERT INTO ValidacionImpactoClasificado (IdImpactoClasificado, Campo, TipoCampo, EsObligatorio) VALUES (82, 'Numero', 'Text', 1);
INSERT INTO ValidacionImpactoClasificado (IdImpactoClasificado, Campo, TipoCampo, EsObligatorio) VALUES (82, 'Observaciones', 'Text', 1);
INSERT INTO ValidacionImpactoClasificado (IdImpactoClasificado, Campo, TipoCampo, EsObligatorio) VALUES (82, 'FechaHoraInicio', 'Datetime', 1);
INSERT INTO ValidacionImpactoClasificado (IdImpactoClasificado, Campo, TipoCampo, EsObligatorio) VALUES (82, 'FechaHoraFin', 'Datetime', 1);
INSERT INTO ValidacionImpactoClasificado (IdImpactoClasificado, Campo, TipoCampo, EsObligatorio) VALUES (83, 'Nuclear', 'Checkbox', 1);
INSERT INTO ValidacionImpactoClasificado (IdImpactoClasificado, Campo, TipoCampo, EsObligatorio) VALUES (83, 'ValorAD', 'Text', 1);
INSERT INTO ValidacionImpactoClasificado (IdImpactoClasificado, Campo, TipoCampo, EsObligatorio) VALUES (83, 'Numero', 'Text', 1);
INSERT INTO ValidacionImpactoClasificado (IdImpactoClasificado, Campo, TipoCampo, EsObligatorio) VALUES (83, 'Observaciones', 'Text', 1);
INSERT INTO ValidacionImpactoClasificado (IdImpactoClasificado, Campo, TipoCampo, EsObligatorio) VALUES (83, 'FechaHora', 'Datetime', 1);
INSERT INTO ValidacionImpactoClasificado (IdImpactoClasificado, Campo, TipoCampo, EsObligatorio) VALUES (84, 'Nuclear', 'Checkbox', 1);
INSERT INTO ValidacionImpactoClasificado (IdImpactoClasificado, Campo, TipoCampo, EsObligatorio) VALUES (84, 'ValorAD', 'Text', 1);
INSERT INTO ValidacionImpactoClasificado (IdImpactoClasificado, Campo, TipoCampo, EsObligatorio) VALUES (84, 'Numero', 'Text', 1);
INSERT INTO ValidacionImpactoClasificado (IdImpactoClasificado, Campo, TipoCampo, EsObligatorio) VALUES (84, 'Observaciones', 'Text', 1);
INSERT INTO ValidacionImpactoClasificado (IdImpactoClasificado, Campo, TipoCampo, EsObligatorio) VALUES (84, 'FechaHoraInicio', 'Datetime', 1);
INSERT INTO ValidacionImpactoClasificado (IdImpactoClasificado, Campo, TipoCampo, EsObligatorio) VALUES (84, 'FechaHoraFin', 'Datetime', 1);
INSERT INTO ValidacionImpactoClasificado (IdImpactoClasificado, Campo, TipoCampo, EsObligatorio) VALUES (84, 'ZonaPlanificacion', 'GEOMETRY', 1);
INSERT INTO ValidacionImpactoClasificado (IdImpactoClasificado, Campo, TipoCampo, EsObligatorio) VALUES (85, 'Nuclear', 'Checkbox', 1);
INSERT INTO ValidacionImpactoClasificado (IdImpactoClasificado, Campo, TipoCampo, EsObligatorio) VALUES (85, 'ValorAD', 'Text', 1);
INSERT INTO ValidacionImpactoClasificado (IdImpactoClasificado, Campo, TipoCampo, EsObligatorio) VALUES (85, 'Numero', 'Text', 1);
INSERT INTO ValidacionImpactoClasificado (IdImpactoClasificado, Campo, TipoCampo, EsObligatorio) VALUES (85, 'Observaciones', 'Text', 1);
INSERT INTO ValidacionImpactoClasificado (IdImpactoClasificado, Campo, TipoCampo, EsObligatorio) VALUES (85, 'FechaHoraInicio', 'Datetime', 1);
INSERT INTO ValidacionImpactoClasificado (IdImpactoClasificado, Campo, TipoCampo, EsObligatorio) VALUES (85, 'FechaHoraFin', 'Datetime', 1);
INSERT INTO ValidacionImpactoClasificado (IdImpactoClasificado, Campo, TipoCampo, EsObligatorio) VALUES (85, 'ZonaPlanificacion', 'GEOMETRY', 1);
INSERT INTO ValidacionImpactoClasificado (IdImpactoClasificado, Campo, TipoCampo, EsObligatorio) VALUES (86, 'Nuclear', 'Checkbox', 1);
INSERT INTO ValidacionImpactoClasificado (IdImpactoClasificado, Campo, TipoCampo, EsObligatorio) VALUES (86, 'ValorAD', 'Text', 1);
INSERT INTO ValidacionImpactoClasificado (IdImpactoClasificado, Campo, TipoCampo, EsObligatorio) VALUES (86, 'Numero', 'Text', 1);
INSERT INTO ValidacionImpactoClasificado (IdImpactoClasificado, Campo, TipoCampo, EsObligatorio) VALUES (86, 'Observaciones', 'Text', 1);
INSERT INTO ValidacionImpactoClasificado (IdImpactoClasificado, Campo, TipoCampo, EsObligatorio) VALUES (86, 'FechaHoraInicio', 'Datetime', 1);
INSERT INTO ValidacionImpactoClasificado (IdImpactoClasificado, Campo, TipoCampo, EsObligatorio) VALUES (86, 'FechaHoraFin', 'Datetime', 1);
INSERT INTO ValidacionImpactoClasificado (IdImpactoClasificado, Campo, TipoCampo, EsObligatorio) VALUES (86, 'ZonaPlanificacion', 'GEOMETRY', 1);
INSERT INTO ValidacionImpactoClasificado (IdImpactoClasificado, Campo, TipoCampo, EsObligatorio) VALUES (87, 'Nuclear', 'Checkbox', 1);
INSERT INTO ValidacionImpactoClasificado (IdImpactoClasificado, Campo, TipoCampo, EsObligatorio) VALUES (87, 'ValorAD', 'Text', 1);
INSERT INTO ValidacionImpactoClasificado (IdImpactoClasificado, Campo, TipoCampo, EsObligatorio) VALUES (87, 'Numero', 'Text', 1);
INSERT INTO ValidacionImpactoClasificado (IdImpactoClasificado, Campo, TipoCampo, EsObligatorio) VALUES (87, 'Observaciones', 'Text', 1);
INSERT INTO ValidacionImpactoClasificado (IdImpactoClasificado, Campo, TipoCampo, EsObligatorio) VALUES (87, 'FechaHora', 'Datetime', 1);
INSERT INTO ValidacionImpactoClasificado (IdImpactoClasificado, Campo, TipoCampo, EsObligatorio) VALUES (88, 'Nuclear', 'Checkbox', 1);
INSERT INTO ValidacionImpactoClasificado (IdImpactoClasificado, Campo, TipoCampo, EsObligatorio) VALUES (88, 'ValorAD', 'Text', 1);
INSERT INTO ValidacionImpactoClasificado (IdImpactoClasificado, Campo, TipoCampo, EsObligatorio) VALUES (88, 'Numero', 'Text', 1);
INSERT INTO ValidacionImpactoClasificado (IdImpactoClasificado, Campo, TipoCampo, EsObligatorio) VALUES (88, 'Observaciones', 'Text', 1);
INSERT INTO ValidacionImpactoClasificado (IdImpactoClasificado, Campo, TipoCampo, EsObligatorio) VALUES (88, 'FechaHora', 'Datetime', 1);
INSERT INTO ValidacionImpactoClasificado (IdImpactoClasificado, Campo, TipoCampo, EsObligatorio) VALUES (89, 'Nuclear', 'Checkbox', 1);
INSERT INTO ValidacionImpactoClasificado (IdImpactoClasificado, Campo, TipoCampo, EsObligatorio) VALUES (89, 'ValorAD', 'Text', 1);
INSERT INTO ValidacionImpactoClasificado (IdImpactoClasificado, Campo, TipoCampo, EsObligatorio) VALUES (89, 'Numero', 'Text', 1);
INSERT INTO ValidacionImpactoClasificado (IdImpactoClasificado, Campo, TipoCampo, EsObligatorio) VALUES (89, 'Observaciones', 'Text', 1);
INSERT INTO ValidacionImpactoClasificado (IdImpactoClasificado, Campo, TipoCampo, EsObligatorio) VALUES (89, 'FechaHora', 'Datetime', 1);
INSERT INTO ValidacionImpactoClasificado (IdImpactoClasificado, Campo, TipoCampo, EsObligatorio) VALUES (90, 'Nuclear', 'Checkbox', 1);
INSERT INTO ValidacionImpactoClasificado (IdImpactoClasificado, Campo, TipoCampo, EsObligatorio) VALUES (90, 'ValorAD', 'Text', 1);
INSERT INTO ValidacionImpactoClasificado (IdImpactoClasificado, Campo, TipoCampo, EsObligatorio) VALUES (90, 'Numero', 'Text', 1);
INSERT INTO ValidacionImpactoClasificado (IdImpactoClasificado, Campo, TipoCampo, EsObligatorio) VALUES (90, 'Observaciones', 'Text', 1);
INSERT INTO ValidacionImpactoClasificado (IdImpactoClasificado, Campo, TipoCampo, EsObligatorio) VALUES (90, 'FechaHora', 'Datetime', 1);
INSERT INTO ValidacionImpactoClasificado (IdImpactoClasificado, Campo, TipoCampo, EsObligatorio) VALUES (91, 'Nuclear', 'Checkbox', 1);
INSERT INTO ValidacionImpactoClasificado (IdImpactoClasificado, Campo, TipoCampo, EsObligatorio) VALUES (91, 'ValorAD', 'Text', 1);
INSERT INTO ValidacionImpactoClasificado (IdImpactoClasificado, Campo, TipoCampo, EsObligatorio) VALUES (91, 'Numero', 'Text', 1);
INSERT INTO ValidacionImpactoClasificado (IdImpactoClasificado, Campo, TipoCampo, EsObligatorio) VALUES (91, 'Observaciones', 'Text', 1);
INSERT INTO ValidacionImpactoClasificado (IdImpactoClasificado, Campo, TipoCampo, EsObligatorio) VALUES (91, 'FechaHora', 'Datetime', 1);
INSERT INTO ValidacionImpactoClasificado (IdImpactoClasificado, Campo, TipoCampo, EsObligatorio) VALUES (92, 'Nuclear', 'Checkbox', 1);
INSERT INTO ValidacionImpactoClasificado (IdImpactoClasificado, Campo, TipoCampo, EsObligatorio) VALUES (92, 'ValorAD', 'Text', 1);
INSERT INTO ValidacionImpactoClasificado (IdImpactoClasificado, Campo, TipoCampo, EsObligatorio) VALUES (92, 'Numero', 'Text', 1);
INSERT INTO ValidacionImpactoClasificado (IdImpactoClasificado, Campo, TipoCampo, EsObligatorio) VALUES (92, 'Observaciones', 'Text', 1);
INSERT INTO ValidacionImpactoClasificado (IdImpactoClasificado, Campo, TipoCampo, EsObligatorio) VALUES (92, 'FechaHora', 'Datetime', 1);
INSERT INTO ValidacionImpactoClasificado (IdImpactoClasificado, Campo, TipoCampo, EsObligatorio) VALUES (93, 'Nuclear', 'Checkbox', 1);
INSERT INTO ValidacionImpactoClasificado (IdImpactoClasificado, Campo, TipoCampo, EsObligatorio) VALUES (93, 'ValorAD', 'Text', 1);
INSERT INTO ValidacionImpactoClasificado (IdImpactoClasificado, Campo, TipoCampo, EsObligatorio) VALUES (93, 'Numero', 'Text', 1);
INSERT INTO ValidacionImpactoClasificado (IdImpactoClasificado, Campo, TipoCampo, EsObligatorio) VALUES (93, 'Observaciones', 'Text', 1);
INSERT INTO ValidacionImpactoClasificado (IdImpactoClasificado, Campo, TipoCampo, EsObligatorio) VALUES (93, 'Fecha', 'Date', 1);
INSERT INTO ValidacionImpactoClasificado (IdImpactoClasificado, Campo, TipoCampo, EsObligatorio) VALUES (94, 'Nuclear', 'Checkbox', 1);
INSERT INTO ValidacionImpactoClasificado (IdImpactoClasificado, Campo, TipoCampo, EsObligatorio) VALUES (94, 'ValorAD', 'Text', 1);
INSERT INTO ValidacionImpactoClasificado (IdImpactoClasificado, Campo, TipoCampo, EsObligatorio) VALUES (94, 'Numero', 'Text', 1);
INSERT INTO ValidacionImpactoClasificado (IdImpactoClasificado, Campo, TipoCampo, EsObligatorio) VALUES (94, 'Observaciones', 'Text', 1);
INSERT INTO ValidacionImpactoClasificado (IdImpactoClasificado, Campo, TipoCampo, EsObligatorio) VALUES (94, 'FechaHora', 'Datetime', 1);
INSERT INTO ValidacionImpactoClasificado (IdImpactoClasificado, Campo, TipoCampo, EsObligatorio) VALUES (95, 'Nuclear', 'Checkbox', 1);
INSERT INTO ValidacionImpactoClasificado (IdImpactoClasificado, Campo, TipoCampo, EsObligatorio) VALUES (95, 'ValorAD', 'Text', 1);
INSERT INTO ValidacionImpactoClasificado (IdImpactoClasificado, Campo, TipoCampo, EsObligatorio) VALUES (95, 'Numero', 'Text', 1);
INSERT INTO ValidacionImpactoClasificado (IdImpactoClasificado, Campo, TipoCampo, EsObligatorio) VALUES (95, 'Observaciones', 'Text', 1);
INSERT INTO ValidacionImpactoClasificado (IdImpactoClasificado, Campo, TipoCampo, EsObligatorio) VALUES (95, 'Fecha', 'Date', 1);
INSERT INTO ValidacionImpactoClasificado (IdImpactoClasificado, Campo, TipoCampo, EsObligatorio) VALUES (96, 'Nuclear', 'Checkbox', 1);
INSERT INTO ValidacionImpactoClasificado (IdImpactoClasificado, Campo, TipoCampo, EsObligatorio) VALUES (96, 'ValorAD', 'Text', 1);
INSERT INTO ValidacionImpactoClasificado (IdImpactoClasificado, Campo, TipoCampo, EsObligatorio) VALUES (96, 'Numero', 'Text', 1);
INSERT INTO ValidacionImpactoClasificado (IdImpactoClasificado, Campo, TipoCampo, EsObligatorio) VALUES (96, 'Observaciones', 'Text', 1);
INSERT INTO ValidacionImpactoClasificado (IdImpactoClasificado, Campo, TipoCampo, EsObligatorio) VALUES (96, 'Fecha', 'Date', 1);
INSERT INTO ValidacionImpactoClasificado (IdImpactoClasificado, Campo, TipoCampo, EsObligatorio) VALUES (97, 'Nuclear', 'Checkbox', 1);
INSERT INTO ValidacionImpactoClasificado (IdImpactoClasificado, Campo, TipoCampo, EsObligatorio) VALUES (97, 'ValorAD', 'Text', 1);
INSERT INTO ValidacionImpactoClasificado (IdImpactoClasificado, Campo, TipoCampo, EsObligatorio) VALUES (97, 'Numero', 'Text', 1);
INSERT INTO ValidacionImpactoClasificado (IdImpactoClasificado, Campo, TipoCampo, EsObligatorio) VALUES (97, 'Observaciones', 'Text', 1);
INSERT INTO ValidacionImpactoClasificado (IdImpactoClasificado, Campo, TipoCampo, EsObligatorio) VALUES (97, 'FechaHoraInicio', 'Datetime', 1);
INSERT INTO ValidacionImpactoClasificado (IdImpactoClasificado, Campo, TipoCampo, EsObligatorio) VALUES (97, 'FechaHoraFin', 'Datetime', 1);


SET IDENTITY_INSERT dbo.TipoDanio ON;

INSERT INTO TipoDanio (Id, Descripcion) VALUES 
(1, N'Leve'),
(2, N'Moderado'),
(3, N'Severo');

SET IDENTITY_INSERT dbo.TipoDanio OFF;




